districtID,district_bahasa,district_en,provinceID,province,islandID,island,district_bahasa,gfcf_share_2010,gfcf_share_2011,gfcf_share_2012,gfcf_share_2013,gfcf_share_2014,gfcf_share_2015,gfcf_share_2016,gfcf_share_2017,gfcf_share_2018,gfcf_share_2019,gfcf_share_2020,gfcf_share_2021,gfcf_share_2022,gfcf_share_2023,gfcf_share_2024,gfcf_share_2025
1101,Simeulue,Simeulue,11,Aceh,1,Sumatera,Simeulue,52.13,57.14,57.98,54.12,51.95,50.35,49.98,47.65,46.28,44.89,46.65,45.37,43.45,43.81,42.56,41.96
1102,Aceh Singkil,Aceh Singkil,11,Aceh,1,Sumatera,Aceh Singkil,32.70,33.52,33.26,31.68,32.11,32.07,32.28,32.44,32.34,33.01,34.57,33.38,32.54,32.96,32.63,31.10
1103,Aceh Selatan,South Aceh,11,Aceh,1,Sumatera,Aceh Selatan,27.77,29.24,30.13,30.11,30.57,30.59,30.81,30.77,30.31,29.50,30.27,29.61,28.56,29.42,29.47,28.31
1104,Aceh Tenggara,Southeast Aceh,11,Aceh,1,Sumatera,Aceh Tenggara,28.77,29.28,28.54,27.78,29.83,29.27,29.75,29.09,29.29,28.82,29.91,29.68,29.09,29.21,29.39,28.37
1105,Aceh Timur,East Aceh,11,Aceh,1,Sumatera,Aceh Timur,25.43,28.22,29.75,28.61,30.77,34.00,36.02,35.41,35.17,34.84,35.52,35.26,34.06,32.66,33.11,31.92
1106,Aceh Tengah,Central Aceh,11,Aceh,1,Sumatera,Aceh Tengah,43.56,44.79,45.10,43.50,43.41,42.85,41.94,41.05,40.41,39.84,41.26,40.45,37.78,37.56,36.99,35.10
1107,Aceh Barat,West Aceh,11,Aceh,1,Sumatera,Aceh Barat,46.92,49.48,50.49,47.34,47.65,47.31,48.21,44.79,42.13,41.69,42.25,40.18,38.55,38.98,38.28,35.51
1108,Aceh Besar,Aceh Besar,11,Aceh,1,Sumatera,Aceh Besar,31.65,34.36,35.89,35.64,36.27,37.01,36.69,35.70,35.49,36.84,38.59,37.84,36.87,37.27,37.60,36.39
1109,Pidie,Pidie,11,Aceh,1,Sumatera,Pidie,26.03,28.23,29.20,27.95,28.40,29.20,29.96,29.71,29.76,30.51,32.44,31.67,30.70,29.30,30.07,28.29
1110,Bireuen,Bireuen,11,Aceh,1,Sumatera,Bireuen,22.17,22.80,23.62,22.82,23.25,23.50,23.29,23.17,23.05,22.97,24.06,23.36,22.37,22.79,22.72,21.71
1111,Aceh Utara,North Aceh,11,Aceh,1,Sumatera,Aceh Utara,16.75,17.31,17.98,18.59,20.75,25.15,27.43,28.00,27.94,28.50,29.67,29.83,27.89,27.73,27.16,25.99
1112,Aceh Barat Daya,Southwest Aceh,11,Aceh,1,Sumatera,Aceh Barat Daya,47.04,51.33,54.94,56.66,59.45,60.40,60.74,59.33,58.68,59.34,62.82,61.16,58.93,58.72,56.84,49.63
1113,Gayo Lues,Gayo Lues,11,Aceh,1,Sumatera,Gayo Lues,40.28,43.52,44.09,43.40,44.41,46.09,45.65,43.18,44.00,43.96,44.73,43.62,42.41,41.63,41.53,41.05
1114,Aceh Tamiang,Aceh Tamiang,11,Aceh,1,Sumatera,Aceh Tamiang,27.84,32.39,33.39,31.15,31.70,31.63,32.02,31.51,31.02,30.57,30.99,31.08,29.91,30.11,30.05,29.52
1115,Nagan Raya,Nagan Raya,11,Aceh,1,Sumatera,Nagan Raya,34.86,37.61,37.76,36.23,37.35,37.81,37.17,36.02,35.45,34.90,35.74,34.72,34.22,32.56,31.18,29.51
1116,Aceh Jaya,Aceh Jaya,11,Aceh,1,Sumatera,Aceh Jaya,49.96,54.12,56.06,49.49,50.66,51.44,52.08,52.95,53.50,54.62,56.82,55.56,53.60,53.24,51.97,50.48
1117,Bener Meriah,Bener Meriah,11,Aceh,1,Sumatera,Bener Meriah,49.62,50.93,51.78,49.89,48.28,48.20,47.99,47.53,47.14,46.93,47.65,46.62,45.46,45.93,46.22,44.24
1118,Pidie Jaya,Pidie Jaya,11,Aceh,1,Sumatera,Pidie Jaya,34.65,37.54,38.33,35.80,36.31,36.31,37.09,37.54,37.43,37.30,38.42,37.86,35.81,34.23,34.67,33.67
1171,Kota Banda Aceh,Banda Aceh City,11,Aceh,1,Sumatera,Kota Banda Aceh,27.03,25.30,24.05,22.96,21.90,25.11,36.14,22.98,22.46,21.72,22.93,21.78,20.70,21.04,21.42,20.24
1172,Kota Sabang,Sabang City,11,Aceh,1,Sumatera,Kota Sabang,68.95,71.12,73.45,74.15,75.69,76.32,77.78,74.42,71.16,68.92,68.96,67.67,65.42,63.50,62.98,61.82
1173,Kota Langsa,Langsa City,11,Aceh,1,Sumatera,Kota Langsa,36.69,38.01,38.18,37.46,37.27,36.94,37.65,37.26,36.10,35.62,37.46,36.00,34.34,34.45,33.28,31.46
1174,Kota Lhokseumawe,Lhokseumawe City,11,Aceh,1,Sumatera,Kota Lhokseumawe,22.70,24.19,25.29,26.84,31.55,46.94,45.70,41.62,41.00,41.57,43.64,42.05,40.38,38.77,39.82,38.92
1175,Kota Subulussalam,Subulussalam City,11,Aceh,1,Sumatera,Kota Subulussalam,41.08,43.47,45.06,45.19,45.02,46.00,47.23,46.26,45.47,45.49,46.66,45.62,44.30,44.56,43.90,41.69
1201,Nias,Nias,12,Sumatera Utara,1,Sumatera,Nias,29.05,28.35,27.70,27.16,26.59,26.05,26.30,26.56,26.82,26.74,26.34,26.57,27.03,27.40,28.66,26.60
1202,Mandailing Natal,Mandailing Natal,12,Sumatera Utara,1,Sumatera,Mandailing Natal,28.10,27.09,26.70,25.80,25.01,24.60,24.40,24.15,24.34,24.66,23.93,23.98,23.82,24.28,24.79,23.09
1203,Tapanuli Selatan,South Tapanuli,12,Sumatera Utara,1,Sumatera,Tapanuli Selatan,36.20,34.78,33.39,29.62,29.82,29.99,30.05,30.14,30.36,30.79,30.43,30.75,30.45,31.59,31.60,30.39
1204,Tapanuli Tengah,Central Tapanuli,12,Sumatera Utara,1,Sumatera,Tapanuli Tengah,19.32,19.13,19.07,19.12,19.24,19.43,19.30,19.53,19.79,20.38,20.35,20.54,20.67,21.03,20.50,19.99
1205,Tapanuli Utara,North Tapanuli,12,Sumatera Utara,1,Sumatera,Tapanuli Utara,27.46,27.46,27.26,27.87,28.60,29.42,30.55,31.75,32.86,34.14,33.55,33.47,33.26,33.13,32.18,30.83
1206,Toba Samosir,Toba Samosir,12,Sumatera Utara,1,Sumatera,Toba Samosir,23.06,22.56,22.19,21.51,21.32,20.81,20.33,20.06,19.85,19.91,19.64,20.03,20.29,20.67,20.62,19.85
1207,Labuhan Batu,Labuhan Batu,12,Sumatera Utara,1,Sumatera,Labuhan Batu,25.64,24.48,25.09,24.63,24.30,24.01,24.03,24.23,24.11,24.41,23.43,23.44,23.16,23.27,23.14,22.54
1208,Asahan,Asahan,12,Sumatera Utara,1,Sumatera,Asahan,23.48,23.45,24.58,25.02,25.32,25.35,25.25,25.60,25.99,26.61,26.31,26.45,26.17,26.10,25.11,24.43
1209,Simalungun,Simalungun,12,Sumatera Utara,1,Sumatera,Simalungun,22.73,22.05,23.22,23.84,23.69,23.77,23.82,24.06,24.41,24.25,23.86,23.73,23.47,22.54,22.67,22.25
1210,Dairi,Dairi,12,Sumatera Utara,1,Sumatera,Dairi,23.46,23.32,24.66,25.47,25.37,24.69,24.69,25.11,25.44,25.74,25.55,25.36,24.92,24.30,23.61,22.81
1211,Karo,Karo,12,Sumatera Utara,1,Sumatera,Karo,29.59,29.65,30.31,30.27,30.42,29.85,29.72,30.07,30.45,30.75,30.77,30.91,30.88,31.70,31.80,31.00
1212,Deli Serdang,Deli Serdang,12,Sumatera Utara,1,Sumatera,Deli Serdang,32.26,33.32,33.75,32.86,31.97,32.03,32.10,32.06,32.83,33.61,34.22,34.00,33.83,34.24,34.09,32.86
1213,Langkat,Langkat,12,Sumatera Utara,1,Sumatera,Langkat,20.26,21.58,21.27,21.33,21.55,20.81,20.56,20.73,20.91,21.54,22.09,22.33,21.98,21.92,21.51,21.24
1214,Nias Selatan,South Nias,12,Sumatera Utara,1,Sumatera,Nias Selatan,24.13,23.69,24.03,23.79,23.86,23.81,24.14,24.83,25.44,26.04,27.14,27.95,28.97,30.31,30.11,29.49
1215,Humbang Hasundutan,Humbang Hasundutan,12,Sumatera Utara,1,Sumatera,Humbang Hasundutan,23.73,24.09,24.55,24.65,24.46,23.46,23.31,23.35,23.47,23.93,23.30,24.20,24.44,24.73,23.96,23.24
1216,Pakpak Bharat,Pakpak Bharat,12,Sumatera Utara,1,Sumatera,Pakpak Bharat,28.00,28.09,28.22,28.38,28.58,28.77,28.97,29.67,29.90,31.02,30.89,30.87,31.51,32.09,32.05,31.47
1217,Samosir,Samosir,12,Sumatera Utara,1,Sumatera,Samosir,14.83,14.93,15.02,15.08,14.77,14.43,14.25,14.12,14.49,14.95,14.58,15.00,15.20,15.30,15.54,14.92
1218,Serdang Bedagai,Serdang Bedagai,12,Sumatera Utara,1,Sumatera,Serdang Bedagai,22.72,23.84,24.40,24.50,24.46,24.48,24.94,24.96,25.27,25.03,25.10,25.09,24.85,24.14,23.98,23.53
1219,Batu Bara,Batu Bara,12,Sumatera Utara,1,Sumatera,Batu Bara,14.00,13.90,14.11,14.41,14.40,14.78,15.70,17.15,17.83,18.42,18.47,18.58,18.49,18.66,18.09,17.45
1220,Padang Lawas Utara,North Padang Lawas,12,Sumatera Utara,1,Sumatera,Padang Lawas Utara,23.80,23.70,23.39,23.16,23.21,23.29,23.28,23.12,23.16,23.51,22.93,22.89,22.72,23.33,22.73,22.19
1221,Padang Lawas,Padang Lawas,12,Sumatera Utara,1,Sumatera,Padang Lawas,30.27,28.70,27.49,26.83,25.83,25.06,24.69,24.58,24.90,24.94,23.96,24.01,23.86,24.14,23.96,23.32
1222,Labuhan Batu Selatan,South Labuhanbatu,12,Sumatera Utara,1,Sumatera,Labuhan Batu Selatan,25.29,25.78,26.61,26.58,26.32,25.85,25.57,25.37,25.20,25.44,24.90,24.84,24.82,25.17,25.37,24.41
1223,Labuhan Batu Utara,North Labuhanbatu,12,Sumatera Utara,1,Sumatera,Labuhan Batu Utara,24.69,25.39,26.00,25.70,25.36,25.18,24.98,24.58,24.97,25.48,25.15,24.79,24.34,24.52,23.59,22.73
1224,Nias Utara,North Nias,12,Sumatera Utara,1,Sumatera,Nias Utara,24.12,23.89,23.84,24.19,24.49,24.76,25.39,26.25,27.15,27.40,27.11,27.41,27.68,27.95,28.59,28.11
1225,Nias Barat,West Nias,12,Sumatera Utara,1,Sumatera,Nias Barat,19.52,21.14,22.62,24.36,25.87,26.35,26.35,26.28,26.41,26.30,26.02,25.78,25.67,25.69,25.60,24.13
1271,Kota Sibolga,Sibolga City,12,Sumatera Utara,1,Sumatera,Kota Sibolga,19.08,19.35,19.42,19.65,19.39,18.83,18.62,18.37,18.54,18.82,18.68,18.72,18.54,18.37,18.09,17.51
1272,Kota Tanjung Balai,Tanjung Balai City,12,Sumatera Utara,1,Sumatera,Kota Tanjung Balai,32.27,32.09,32.49,33.22,33.90,33.53,33.62,33.93,33.67,34.43,33.72,33.70,33.03,32.66,32.17,31.59
1273,Kota Pematang Siantar,Pematang Siantar City,12,Sumatera Utara,1,Sumatera,Kota Pematang Siantar,24.10,23.68,23.61,23.67,23.62,23.51,23.46,23.49,23.54,23.83,23.09,23.38,23.11,23.20,22.82,22.09
1274,Kota Tebing Tinggi,Tebing Tinggi City,12,Sumatera Utara,1,Sumatera,Kota Tebing Tinggi,29.21,28.12,27.51,26.69,26.25,26.11,25.96,26.84,27.66,28.52,28.83,29.01,29.10,29.08,28.78,28.72
1275,Kota Medan,Medan City,12,Sumatera Utara,1,Sumatera,Kota Medan,41.53,40.30,40.95,39.01,38.89,38.65,37.74,37.24,38.38,39.29,38.55,39.49,40.04,39.63,39.59,37.55
1276,Kota Binjai,Binjai City,12,Sumatera Utara,1,Sumatera,Kota Binjai,32.68,31.92,32.33,31.72,30.51,30.74,31.10,31.32,32.34,32.59,33.04,33.40,34.30,35.11,35.48,34.07
1277,Kota Padangsidimpuan,Padangsidempuan City,12,Sumatera Utara,1,Sumatera,Kota Padangsidimpuan,47.47,46.23,44.81,43.41,42.05,40.31,38.92,37.80,37.33,37.31,37.41,37.53,37.50,36.80,36.16,34.56
1278,Kota Gunungsitoli,Gunungsitoli City,12,Sumatera Utara,1,Sumatera,Kota Gunungsitoli,30.74,30.49,30.42,30.33,30.25,30.17,30.11,30.05,30.04,29.90,30.31,30.97,31.47,32.51,32.79,31.11
1301,Kepulauan Mentawai,Mentawai Islands,13,Sumatera Barat,1,Sumatera,Kepulauan Mentawai,29.43,31.29,31.67,31.91,32.02,31.74,32.14,31.89,31.55,31.96,31.18,31.06,30.84,32.07,31.34,30.50
1302,Pesisir Selatan,South Pesisir,13,Sumatera Barat,1,Sumatera,Pesisir Selatan,29.73,31.18,30.91,30.76,30.67,30.40,30.84,30.58,30.09,30.02,29.61,29.25,28.84,29.63,28.99,27.55
1303,Solok,Solok,13,Sumatera Barat,1,Sumatera,Solok,30.75,32.26,31.72,31.00,30.77,30.46,30.71,30.42,30.06,29.91,29.05,28.52,28.64,30.16,29.74,28.37
1304,Sijunjung,Sijunjung,13,Sumatera Barat,1,Sumatera,Sijunjung,30.95,32.03,31.92,31.89,31.97,31.53,31.84,31.48,30.99,30.99,30.25,29.46,29.35,30.27,29.87,28.60
1305,Tanah Datar,Tanah Datar,13,Sumatera Barat,1,Sumatera,Tanah Datar,29.00,29.95,30.25,29.95,30.10,30.11,30.50,30.25,29.79,29.55,29.01,28.37,28.09,28.92,28.76,27.10
1306,Padang Pariaman,Padang Pariaman,13,Sumatera Barat,1,Sumatera,Padang Pariaman,29.86,31.13,31.07,30.96,31.01,30.36,30.64,30.21,29.66,30.54,33.78,33.30,32.20,32.70,35.12,30.75
1307,Agam,Agam,13,Sumatera Barat,1,Sumatera,Agam,29.24,30.56,30.52,29.76,29.54,29.16,29.44,29.08,28.74,28.54,28.14,27.64,27.87,29.06,28.75,26.75
1308,Lima Puluh Kota,Lima Puluh Kota,13,Sumatera Barat,1,Sumatera,Lima Puluh Kota,29.09,30.37,30.60,30.03,30.05,29.75,30.09,29.82,29.47,29.39,29.07,28.57,28.69,29.64,29.15,27.80
1309,Pasaman,Pasaman,13,Sumatera Barat,1,Sumatera,Pasaman,29.80,31.39,31.50,31.40,31.18,30.86,31.37,31.08,30.86,30.83,30.20,29.77,29.46,30.22,29.90,28.28
1310,Solok Selatan,South Solok,13,Sumatera Barat,1,Sumatera,Solok Selatan,26.26,27.79,28.23,28.04,28.24,28.23,28.72,28.45,28.18,28.31,28.15,27.45,27.40,28.10,27.71,26.29
1311,Dharmasraya,Dharmasraya,13,Sumatera Barat,1,Sumatera,Dharmasraya,27.43,28.66,29.11,28.48,28.32,27.94,28.27,27.93,27.60,27.66,27.67,27.21,26.81,27.91,27.72,26.73
1312,Pasaman Barat,West Pasaman,13,Sumatera Barat,1,Sumatera,Pasaman Barat,28.56,30.03,29.83,29.54,29.60,29.21,29.65,29.32,28.82,28.88,28.56,27.83,27.77,28.83,28.57,27.14
1371,Kota Padang,Padang City,13,Sumatera Barat,1,Sumatera,Kota Padang,29.98,30.90,31.13,30.80,30.38,30.05,30.11,29.39,28.69,28.60,27.98,27.47,27.40,27.88,27.30,26.40
1372,Kota Solok,Solok City,13,Sumatera Barat,1,Sumatera,Kota Solok,27.86,28.79,28.67,28.48,27.88,27.28,27.29,26.77,26.27,26.02,25.68,25.39,25.35,25.85,25.06,23.94
1373,Kota Sawah Lunto,Sawahlunto City,13,Sumatera Barat,1,Sumatera,Kota Sawah Lunto,24.10,25.25,25.43,25.28,25.13,24.95,24.94,24.65,24.20,24.20,23.63,23.55,23.65,24.26,24.05,22.67
1374,Kota Padang Panjang,Padang Panjang City,13,Sumatera Barat,1,Sumatera,Kota Padang Panjang,30.93,31.88,31.76,31.26,31.03,30.88,30.86,30.32,29.60,29.45,28.97,28.27,27.80,27.90,27.44,25.70
1375,Kota Bukittinggi,Bukittinggi City,13,Sumatera Barat,1,Sumatera,Kota Bukittinggi,27.40,28.14,27.81,27.68,27.56,27.21,27.39,26.97,26.46,26.37,26.71,26.02,25.97,26.55,25.96,24.92
1376,Kota Payakumbuh,Payakumbuh City,13,Sumatera Barat,1,Sumatera,Kota Payakumbuh,27.11,28.45,28.83,28.61,28.27,28.01,28.11,27.69,27.22,27.07,26.47,25.94,25.64,25.90,25.51,24.68
1377,Kota Pariaman,Pariaman City,13,Sumatera Barat,1,Sumatera,Kota Pariaman,27.56,28.09,28.36,28.11,27.79,27.53,27.74,27.38,27.01,26.97,26.76,26.17,25.76,26.00,25.58,24.56
1401,Kuantan Singingi,Kuantan Singingi,14,Riau,1,Sumatera,Kuantan Singingi,30.85,35.36,36.51,37.26,36.28,38.46,38.36,37.64,37.48,37.02,36.14,35.23,35.29,35.01,34.69,33.64
1402,Indragiri Hulu,Indragiri Hulu,14,Riau,1,Sumatera,Indragiri Hulu,31.48,34.38,34.12,33.84,32.97,35.13,34.87,34.72,34.65,34.56,33.99,33.60,33.58,33.65,33.46,32.27
1403,Indragiri Hilir,Indragiri Hilir,14,Riau,1,Sumatera,Indragiri Hilir,19.12,20.49,20.45,20.13,20.97,21.16,21.03,19.53,19.47,19.23,18.82,18.53,18.42,18.75,18.69,18.53
1404,Pelalawan,Pelalawan,14,Riau,1,Sumatera,Pelalawan,13.38,14.82,15.51,15.25,14.68,14.98,15.29,15.39,15.48,15.66,15.06,15.31,15.76,15.81,15.69,15.11
1405,Siak,Siak,14,Riau,1,Sumatera,Siak,12.89,15.12,16.37,18.03,19.01,19.74,20.34,21.09,21.67,22.16,21.85,22.85,23.66,23.69,23.43,22.66
1406,Kampar,Kampar,14,Riau,1,Sumatera,Kampar,26.78,29.55,30.54,30.12,29.67,30.19,30.49,30.01,30.58,30.45,30.31,30.50,31.17,31.48,31.61,30.85
1407,Rokan Hulu,Rokan Hulu,14,Riau,1,Sumatera,Rokan Hulu,18.21,20.25,20.93,20.42,19.55,19.79,19.71,19.57,19.83,19.53,18.91,19.03,19.35,19.45,19.54,18.58
1408,Bengkalis,Bengkalis,14,Riau,1,Sumatera,Bengkalis,9.81,10.86,11.97,12.56,13.80,14.65,15.63,16.47,17.15,17.86,18.10,18.98,20.05,20.66,21.15,21.02
1409,Rokan Hilir,Rokan Hilir,14,Riau,1,Sumatera,Rokan Hilir,7.17,8.61,8.93,9.01,8.77,9.22,9.60,9.77,10.13,10.25,10.22,10.63,11.05,11.15,11.20,10.94
1410,Kepulauan Meranti,Meranti Islands,14,Riau,1,Sumatera,Kepulauan Meranti,18.79,20.10,20.51,20.70,20.44,20.52,20.47,20.51,20.86,21.47,21.12,21.33,21.77,21.60,21.61,21.32
1471,Kota Pekanbaru,Pekanbaru City,14,Riau,1,Sumatera,Kota Pekanbaru,83.14,86.44,88.16,88.45,84.72,85.33,83.98,82.34,79.70,77.48,79.48,78.73,77.63,76.62,75.52,73.84
1473,Kota Dumai,Dumai City,14,Riau,1,Sumatera,Kota Dumai,43.52,47.23,49.00,49.87,45.83,45.49,44.50,43.68,42.85,41.52,41.37,39.93,40.08,39.87,39.39,37.20
1501,Kerinci,Kerinci,15,Jambi,1,Sumatera,Kerinci,23.65,22.72,24.12,24.48,21.98,20.61,20.61,19.90,19.38,19.03,24.09,28.36,29.39,32.29,32.09,28.19
1502,Merangin,Merangin,15,Jambi,1,Sumatera,Merangin,26.67,26.26,28.88,29.04,27.61,26.40,26.36,26.57,26.41,26.22,25.88,26.00,25.04,25.64,25.21,25.31
1503,Sarolangun,Sarolangun,15,Jambi,1,Sumatera,Sarolangun,38.99,37.94,40.93,41.33,39.91,39.07,39.66,39.63,38.48,37.78,38.08,38.49,37.26,37.64,38.24,36.65
1504,Batang Hari,Batang Hari,15,Jambi,1,Sumatera,Batang Hari,28.57,26.83,30.14,29.81,28.48,25.64,25.19,25.28,24.24,23.92,24.26,24.20,22.44,23.29,23.38,22.98
1505,Muaro Jambi,Muaro Jambi,15,Jambi,1,Sumatera,Muaro Jambi,22.20,21.52,23.32,23.11,21.20,19.61,19.64,19.59,19.16,18.86,18.67,19.89,19.07,21.83,25.99,24.20
1506,Tanjung Jabung Timur,East Tanjung Jabung,15,Jambi,1,Sumatera,Tanjung Jabung Timur,9.85,9.88,10.32,11.27,10.64,13.04,13.52,14.05,13.94,14.01,14.48,15.18,15.21,17.01,17.78,17.32
1507,Tanjung Jabung Barat,West Tanjung Jabung,15,Jambi,1,Sumatera,Tanjung Jabung Barat,15.68,12.02,14.56,14.91,13.51,12.53,12.71,12.72,12.15,11.95,12.06,12.85,12.91,13.89,13.87,13.38
1508,Tebo,Tebo,15,Jambi,1,Sumatera,Tebo,32.79,28.88,31.96,31.72,27.52,26.35,26.56,26.04,25.31,25.25,24.62,24.61,23.85,24.69,24.38,23.30
1509,Bungo,Bungo,15,Jambi,1,Sumatera,Bungo,34.59,31.69,34.08,34.74,34.59,33.10,33.20,33.33,32.89,32.67,32.04,32.02,30.75,30.95,30.66,29.06
1571,Kota Jambi,Jambi City,15,Jambi,1,Sumatera,Kota Jambi,22.88,22.49,24.74,28.74,26.75,25.33,24.68,24.72,24.23,24.54,25.54,25.80,24.45,24.65,24.12,23.30
1572,Kota Sungai Penuh,Sungai Penuh City,15,Jambi,1,Sumatera,Kota Sungai Penuh,33.96,33.20,35.65,37.32,35.04,33.65,32.67,32.16,31.23,30.48,28.59,29.26,28.82,28.89,28.61,27.48
1601,Ogan Komering Ulu,Ogan Komering Ulu,16,Sumatera Selatan,1,Sumatera,Ogan Komering Ulu,40.41,40.47,40.95,40.99,40.73,39.78,41.14,41.05,39.65,37.71,38.30,35.80,33.35,32.17,32.36,31.14
1602,Ogan Komering Ilir,Ogan Komering Ilir,16,Sumatera Selatan,1,Sumatera,Ogan Komering Ilir,31.62,31.09,30.98,30.33,29.72,29.03,29.85,29.92,29.24,28.46,28.71,27.77,24.89,25.32,25.70,25.36
1603,Muara Enim,Muara Enim,16,Sumatera Selatan,1,Sumatera,Muara Enim,34.35,31.87,30.98,30.05,30.42,28.74,30.23,29.44,27.72,26.56,27.48,24.19,21.11,19.91,19.44,18.69
1604,Lahat,Lahat,16,Sumatera Selatan,1,Sumatera,Lahat,39.23,39.19,38.84,39.34,38.75,37.98,38.55,38.29,37.68,36.33,36.87,33.37,30.74,29.38,29.13,28.17
1605,Musi Rawas,Musi Rawas,16,Sumatera Selatan,1,Sumatera,Musi Rawas,35.11,35.94,37.33,37.10,35.19,33.48,33.27,32.84,31.62,29.65,30.01,27.41,25.07,24.49,24.67,24.06
1606,Musi Banyuasin,Musi Banyuasin,16,Sumatera Selatan,1,Sumatera,Musi Banyuasin,32.83,32.91,32.40,31.96,32.01,31.97,33.01,33.14,33.02,31.04,31.97,29.60,27.24,26.95,27.33,26.03
1607,Banyu Asin,Banyuasin,16,Sumatera Selatan,1,Sumatera,Banyu Asin,33.35,33.02,33.06,32.95,31.67,30.29,30.69,30.73,30.65,29.81,30.61,28.71,27.27,26.26,25.77,25.33
1608,Ogan Komering Ulu Selatan,South Ogan Komering Ulu,16,Sumatera Selatan,1,Sumatera,Ogan Komering Ulu Selatan,36.53,35.98,35.50,35.40,35.06,35.00,34.90,35.09,35.03,34.82,35.10,32.40,30.95,30.16,30.26,29.57
1609,Ogan Komering Ulu Timur,East Ogan Komering Ulu,16,Sumatera Selatan,1,Sumatera,Ogan Komering Ulu Timur,38.92,38.10,36.95,35.45,35.28,33.38,33.75,34.53,34.69,34.56,35.17,32.12,30.51,30.02,30.29,29.35
1610,Ogan Ilir,Ogan Ilir,16,Sumatera Selatan,1,Sumatera,Ogan Ilir,34.05,33.01,32.04,30.19,30.27,30.35,30.96,31.07,30.70,29.57,30.45,28.38,26.64,26.00,26.17,24.95
1611,Empat Lawang,Empat Lawang,16,Sumatera Selatan,1,Sumatera,Empat Lawang,35.63,35.25,35.16,34.46,34.86,33.46,34.44,35.01,34.32,34.02,34.28,32.42,30.65,30.08,29.99,28.31
1612,Penukal Abab Lematang Ilir,Penukal Abab Lematang Ilir,16,Sumatera Selatan,1,Sumatera,Penukal Abab Lematang Ilir,36.93,37.58,37.07,35.79,37.20,36.13,36.29,37.16,35.19,33.55,34.35,32.52,29.95,29.24,28.81,28.05
1613,Musi Rawas Utara,North Musi Rawas,16,Sumatera Selatan,1,Sumatera,Musi Rawas Utara,30.44,30.16,30.87,31.41,29.76,29.00,29.80,29.89,29.51,29.05,29.58,28.17,25.80,25.51,25.45,24.81
1671,Kota Palembang,Palembang City,16,Sumatera Selatan,1,Sumatera,Kota Palembang,48.20,47.75,46.62,46.75,47.79,46.05,46.73,47.81,47.15,45.38,45.28,43.27,41.71,40.52,39.89,39.22
1672,Kota Prabumulih,Prabumulih City,16,Sumatera Selatan,1,Sumatera,Kota Prabumulih,43.99,43.34,41.89,41.73,40.22,40.02,40.03,39.66,38.81,37.10,36.89,34.86,32.76,31.47,31.17,29.75
1673,Kota Pagar Alam,Pagar Alam City,16,Sumatera Selatan,1,Sumatera,Kota Pagar Alam,46.38,45.49,45.23,44.95,43.41,41.45,41.26,40.28,39.35,37.69,38.38,35.85,33.39,32.54,32.24,31.44
1674,Kota Lubuklinggau,Lubuklinggau City,16,Sumatera Selatan,1,Sumatera,Kota Lubuklinggau,55.09,54.54,54.08,54.61,52.84,50.08,50.23,49.78,48.94,47.66,47.15,45.19,42.26,40.85,40.57,38.76
1701,Bengkulu Selatan,South Bengkulu,17,Bengkulu,1,Sumatera,Bengkulu Selatan,37.78,38.33,38.98,39.56,40.29,39.67,40.08,40.32,40.16,40.36,39.75,40.00,40.04,39.94,39.31,38.82
1702,Rejang Lebong,Rejang Lebong,17,Bengkulu,1,Sumatera,Rejang Lebong,36.32,36.16,36.65,37.23,38.03,37.33,37.42,37.49,37.37,37.20,36.49,36.64,36.54,36.25,35.82,35.41
1703,Bengkulu Utara,North Bengkulu,17,Bengkulu,1,Sumatera,Bengkulu Utara,45.37,45.09,45.84,46.95,48.02,47.86,48.21,48.69,48.89,48.82,47.61,47.28,47.78,47.21,46.48,45.85
1704,Kaur,Kaur,17,Bengkulu,1,Sumatera,Kaur,54.22,55.10,56.48,57.55,59.67,61.65,62.66,63.74,63.50,63.16,61.82,61.98,61.68,61.18,59.99,59.31
1705,Seluma,Seluma,17,Bengkulu,1,Sumatera,Seluma,56.42,56.83,57.48,58.71,60.41,60.14,60.78,61.33,61.87,62.48,62.36,64.04,64.34,63.87,62.67,61.90
1706,Mukomuko,Mukomuko,17,Bengkulu,1,Sumatera,Mukomuko,56.30,56.91,58.05,59.27,60.35,59.31,59.12,59.03,59.86,58.97,57.57,57.92,57.81,57.56,56.71,55.78
1707,Lebong,Lebong,17,Bengkulu,1,Sumatera,Lebong,59.74,60.83,62.41,62.81,64.06,64.13,64.75,65.14,64.98,64.97,63.67,63.15,63.86,63.71,62.85,62.50
1708,Kepahiang,Kepahiang,17,Bengkulu,1,Sumatera,Kepahiang,45.87,46.43,47.76,48.93,49.98,48.83,48.99,48.85,48.40,48.41,47.57,47.71,47.13,46.79,46.17,45.74
1709,Bengkulu Tengah,Central Bengkulu,17,Bengkulu,1,Sumatera,Bengkulu Tengah,43.81,45.15,47.13,47.68,48.41,47.90,48.15,48.34,48.25,48.06,47.89,48.19,47.95,47.53,46.94,46.42
1771,Kota Bengkulu,Bengkulu City,17,Bengkulu,1,Sumatera,Kota Bengkulu,28.72,28.66,28.98,29.93,30.77,30.46,30.97,31.87,31.91,31.93,31.40,31.48,30.73,30.31,29.90,29.61
1801,Lampung Barat,West Lampung,18,Lampung,1,Sumatera,Lampung Barat,25.79,28.33,35.32,34.55,34.28,34.34,35.62,36.13,36.98,37.38,36.21,36.97,36.65,36.29,35.87,35.42
1802,Tanggamus,Tanggamus,18,Lampung,1,Sumatera,Tanggamus,24.59,26.08,25.96,24.92,24.76,24.94,25.56,25.56,26.08,26.11,24.99,25.34,25.06,24.85,24.29,27.52
1803,Lampung Selatan,South Lampung,18,Lampung,1,Sumatera,Lampung Selatan,31.18,33.34,34.83,33.85,33.83,33.62,35.14,35.82,36.90,36.95,35.53,35.91,35.27,34.44,33.29,32.99
1804,Lampung Timur,East Lampung,18,Lampung,1,Sumatera,Lampung Timur,26.43,28.04,29.48,27.95,28.57,28.46,29.42,29.68,30.93,31.16,30.39,31.77,31.65,31.81,30.95,30.82
1805,Lampung Tengah,Central Lampung,18,Lampung,1,Sumatera,Lampung Tengah,32.08,33.39,34.06,33.08,33.11,32.82,33.60,33.97,34.92,34.97,34.10,34.46,33.70,33.52,32.60,32.41
1806,Lampung Utara,North Lampung,18,Lampung,1,Sumatera,Lampung Utara,26.01,28.85,30.73,29.71,29.56,29.85,31.00,30.92,31.76,31.60,30.43,30.84,30.63,30.51,29.67,29.35
1807,Way Kanan,Way Kanan,18,Lampung,1,Sumatera,Way Kanan,29.23,30.90,31.59,30.73,30.69,31.89,32.50,32.56,33.49,33.62,32.97,33.17,32.89,32.74,32.01,31.50
1808,Tulangbawang,Tulang Bawang,18,Lampung,1,Sumatera,Tulangbawang,28.54,30.79,32.27,31.35,31.46,31.70,32.81,33.47,34.68,34.76,34.40,34.91,34.60,34.57,33.40,33.44
1809,Pesawaran,Pesawaran,18,Lampung,1,Sumatera,Pesawaran,27.69,29.14,29.69,28.93,29.01,29.00,29.64,29.81,30.79,31.00,29.79,30.41,29.81,29.79,29.28,29.42
1810,Pringsewu,Pringsewu,18,Lampung,1,Sumatera,Pringsewu,27.54,28.94,29.71,28.99,28.99,29.04,29.78,30.41,31.52,31.46,30.25,30.79,30.41,30.23,29.08,28.96
1811,Mesuji,Mesuji,18,Lampung,1,Sumatera,Mesuji,28.34,30.40,31.20,30.85,30.85,30.39,31.02,31.43,32.24,32.34,31.41,32.00,31.70,32.20,31.72,31.21
1812,Tulang Bawang Barat,West Tulang Bawang,18,Lampung,1,Sumatera,Tulang Bawang Barat,28.62,30.36,31.31,30.86,30.82,30.56,31.30,31.72,32.67,32.68,31.51,31.28,30.73,30.39,29.40,29.32
1813,Pesisir Barat,Pesisir Barat,18,Lampung,1,Sumatera,Pesisir Barat,#DIV/0!,#DIV/0!,20.92,20.70,20.81,20.69,21.50,21.66,22.17,23.41,21.83,22.41,22.74,22.59,22.24,22.01
1871,Kota Bandar Lampung,Bandar Lampung City,18,Lampung,1,Sumatera,Kota Bandar Lampung,31.95,32.62,32.81,31.75,31.63,31.35,31.82,32.31,33.24,32.83,32.30,33.00,32.30,31.99,31.11,30.63
1872,Kota Metro,Metro City,18,Lampung,1,Sumatera,Kota Metro,20.84,21.73,22.23,21.63,21.66,21.55,22.35,22.18,22.33,21.96,21.20,21.52,21.07,20.93,20.29,20.02
1901,Bangka,Bangka,19,Kepulauan Bangka Belitung,1,Sumatera,Bangka,19.85,20.14,20.05,19.84,19.68,19.70,19.82,20.15,20.43,21.01,19.67,19.23,18.98,19.02,19.00,17.85
1902,Belitung,Belitung,19,Kepulauan Bangka Belitung,1,Sumatera,Belitung,23.51,23.48,23.50,22.99,22.78,22.72,23.05,23.36,23.74,24.26,23.37,22.87,22.28,21.98,21.61,20.79
1903,Bangka Barat,West Bangka,19,Kepulauan Bangka Belitung,1,Sumatera,Bangka Barat,15.34,15.92,15.86,15.73,15.73,15.65,15.64,15.83,15.89,15.59,15.14,15.40,15.95,16.11,15.24,14.90
1904,Bangka Tengah,Central Bangka,19,Kepulauan Bangka Belitung,1,Sumatera,Bangka Tengah,19.95,20.00,20.06,20.43,21.18,22.37,23.46,23.75,24.61,26.43,25.33,24.74,24.26,23.95,23.75,22.42
1905,Bangka Selatan,South Bangka,19,Kepulauan Bangka Belitung,1,Sumatera,Bangka Selatan,24.76,24.38,24.52,24.81,24.80,24.58,25.00,25.21,25.61,26.15,24.70,24.30,24.31,23.93,23.40,22.54
1906,Belitung Timur,East Belitung,19,Kepulauan Bangka Belitung,1,Sumatera,Belitung Timur,24.59,25.38,24.99,24.78,24.73,24.70,25.63,25.66,25.91,25.98,24.01,23.68,24.61,24.41,24.48,23.38
1971,Kota Pangkal Pinang,Pangkal Pinang City,19,Kepulauan Bangka Belitung,1,Sumatera,Kota Pangkal Pinang,23.88,23.85,23.99,24.00,24.10,24.28,24.69,25.34,25.62,26.40,26.06,24.75,23.41,23.75,23.98,22.70
2101,Karimun,Karimun,21,Kepulauan Riau,2,Sumatera,Karimun,29.20,29.93,30.72,29.32,30.07,31.89,33.05,35.26,37.55,38.99,40.90,41.09,40.35,40.92,40.64,41.02
2102,Bintan,Bintan,21,Kepulauan Riau,2,Sumatera,Bintan,47.98,47.88,47.31,47.41,47.65,47.42,47.84,48.24,49.63,51.11,52.67,52.95,51.63,50.80,50.92,53.85
2103,Natuna,Natuna,21,Kepulauan Riau,2,Sumatera,Natuna,13.51,14.28,14.01,13.95,14.02,13.82,13.67,14.19,14.26,14.66,15.10,14.37,14.82,15.16,17.15,15.23
2104,Lingga,Lingga,21,Kepulauan Riau,2,Sumatera,Lingga,36.38,36.67,36.95,37.22,37.88,34.37,33.77,36.60,36.08,38.18,37.03,37.08,37.82,38.98,39.25,36.95
2105,Kepulauan Anambas,Anambas Islands,21,Kepulauan Riau,2,Sumatera,Kepulauan Anambas,12.30,12.88,13.32,13.91,14.36,14.87,15.42,16.07,17.61,18.50,18.83,19.21,19.72,20.88,24.02,21.36
2171,Kota Batam,Batam City,21,Kepulauan Riau,2,Sumatera,Kota Batam,47.72,47.33,47.32,47.32,46.62,46.18,44.21,43.50,44.22,44.21,43.24,43.10,41.87,42.36,41.50,42.57
2172,Kota Tanjung Pinang,Tanjung Pinang City,21,Kepulauan Riau,2,Sumatera,Kota Tanjung Pinang,61.01,60.19,58.58,57.51,57.03,53.96,51.89,49.79,48.69,47.64,47.77,47.51,45.88,44.08,42.37,40.28
3101,Kepulauan Seribu,Kepulauan Seribu,31,DKI Jakarta,3,Jawa,Kepulauan Seribu,5.03,5.12,5.17,5.33,5.30,5.43,5.49,5.82,6.01,6.47,6.72,6.87,7.29,8.22,8.77,9.43
3171,Kota Jakarta Selatan,South Jakarta City,31,DKI Jakarta,3,Jawa,Kota Jakarta Selatan,46.75,46.64,47.21,46.98,45.36,43.78,42.00,41.92,41.23,39.14,36.67,36.19,35.83,35.24,35.32,35.04
3172,Kota Jakarta Timur,East Jakarta City,31,DKI Jakarta,3,Jawa,Kota Jakarta Timur,41.62,42.91,45.25,45.33,44.03,42.86,40.94,40.85,40.30,38.93,37.92,36.60,36.47,35.97,36.18,36.01
3173,Kota Jakarta Pusat,Central Jakarta City,31,DKI Jakarta,3,Jawa,Kota Jakarta Pusat,35.89,37.07,37.84,37.96,37.36,35.94,34.31,34.31,33.97,32.29,30.19,29.84,29.84,29.49,29.44,29.28
3174,Kota Jakarta Barat,West Jakarta City,31,DKI Jakarta,3,Jawa,Kota Jakarta Barat,56.57,57.66,59.47,58.87,57.30,55.50,53.16,52.91,52.08,49.47,46.42,45.31,44.87,44.28,44.18,43.83
3175,Kota Jakarta Utara,North Jakarta City,31,DKI Jakarta,3,Jawa,Kota Jakarta Utara,51.74,52.74,54.82,54.64,53.00,51.38,49.88,49.74,49.05,47.92,48.04,45.79,45.13,45.00,45.48,45.83
3201,Bogor,Bogor,32,Jawa Barat,3,Jawa,Bogor,22.89,23.83,24.40,22.79,22.77,22.73,22.36,22.41,22.67,22.51,21.27,21.91,20.83,21.07,21.19,20.65
3202,Sukabumi,Sukabumi,32,Jawa Barat,3,Jawa,Sukabumi,28.37,29.45,30.15,28.74,28.65,28.52,28.33,28.63,29.04,28.88,27.25,28.10,26.91,27.11,27.52,26.85
3203,Cianjur,Cianjur,32,Jawa Barat,3,Jawa,Cianjur,24.75,25.98,27.29,26.19,26.44,26.18,26.85,27.28,27.43,26.82,24.82,25.50,24.67,25.94,24.90,24.56
3204,Bandung,Bandung,32,Jawa Barat,3,Jawa,Bandung,22.17,22.79,23.14,20.40,20.90,20.76,20.76,21.05,21.03,20.46,19.49,19.32,18.89,19.18,19.21,19.14
3205,Garut,Garut,32,Jawa Barat,3,Jawa,Garut,25.72,27.49,28.84,26.18,26.85,26.68,26.63,26.63,26.78,26.49,24.68,25.50,24.35,24.98,25.04,24.44
3206,Tasikmalaya,Tasikmalaya,32,Jawa Barat,3,Jawa,Tasikmalaya,21.32,20.94,21.94,21.61,21.49,21.52,21.37,21.71,21.80,21.97,20.90,21.59,20.78,19.93,21.03,20.02
3207,Ciamis,Ciamis,32,Jawa Barat,3,Jawa,Ciamis,24.16,25.14,26.60,27.01,26.82,26.63,26.17,26.64,25.52,25.55,24.02,24.49,23.35,23.21,22.95,22.21
3208,Kuningan,Kuningan,32,Jawa Barat,3,Jawa,Kuningan,26.33,27.34,28.24,26.96,26.87,26.34,25.64,25.71,26.09,25.66,23.85,24.59,23.97,23.53,23.26,23.52
3209,Cirebon,Cirebon,32,Jawa Barat,3,Jawa,Cirebon,31.33,31.94,34.84,35.14,34.55,34.49,34.16,33.30,33.18,32.90,30.31,30.73,29.53,28.25,27.21,25.89
3210,Majalengka,Majalengka,32,Jawa Barat,3,Jawa,Majalengka,27.81,29.11,33.72,33.84,35.45,35.66,36.70,38.65,37.92,36.40,34.30,35.02,33.40,33.53,33.75,33.67
3211,Sumedang,Sumedang,32,Jawa Barat,3,Jawa,Sumedang,23.94,24.67,25.94,24.75,24.94,24.92,24.90,24.90,25.40,24.78,23.19,24.49,23.71,23.03,22.28,22.14
3212,Indramayu,Indramayu,32,Jawa Barat,3,Jawa,Indramayu,11.97,12.69,13.22,12.57,12.96,13.29,13.87,14.52,15.25,15.39,14.40,15.39,16.12,14.65,15.19,15.59
3213,Subang,Subang,32,Jawa Barat,3,Jawa,Subang,23.56,25.06,26.77,25.39,26.79,26.46,26.18,26.35,26.68,26.24,24.39,25.56,25.35,26.61,27.98,28.12
3214,Purwakarta,Purwakarta,32,Jawa Barat,3,Jawa,Purwakarta,25.62,26.53,27.82,24.15,25.46,25.42,24.80,24.91,24.25,23.77,22.27,22.85,22.47,22.55,23.02,22.71
3215,Karawang,Karawang,32,Jawa Barat,3,Jawa,Karawang,19.53,20.11,20.44,16.60,17.89,17.71,17.25,17.44,16.90,16.49,15.35,15.45,15.04,15.45,17.79,18.75
3216,Bekasi,Bekasi,32,Jawa Barat,3,Jawa,Bekasi,19.39,20.11,21.05,18.84,20.11,20.59,20.58,20.59,21.06,20.82,18.52,19.25,18.59,18.17,19.04,19.13
3217,Bandung Barat,West Bandung,32,Jawa Barat,3,Jawa,Bandung Barat,20.40,20.96,21.52,20.78,21.30,21.70,21.37,21.73,22.04,22.18,21.31,22.11,21.11,21.02,21.00,20.62
3218,Pangandaran,Pangandaran,32,Jawa Barat,3,Jawa,Pangandaran,22.14,23.19,24.60,25.55,25.57,25.31,25.06,25.52,24.30,23.82,21.76,22.20,20.94,20.88,21.31,21.53
3271,Kota Bogor,Bogor City,32,Jawa Barat,3,Jawa,Kota Bogor,30.36,31.36,33.00,32.01,35.48,36.19,35.74,35.61,35.25,34.97,32.59,33.30,32.09,33.41,32.99,33.11
3272,Kota Sukabumi,Sukabumi City,32,Jawa Barat,3,Jawa,Kota Sukabumi,15.03,15.41,15.90,15.59,15.65,15.79,15.90,16.03,16.27,16.26,15.46,15.72,14.97,15.24,15.36,15.32
3273,Kota Bandung,Bandung City,32,Jawa Barat,3,Jawa,Kota Bandung,31.57,31.98,33.15,29.26,28.93,29.17,28.93,28.78,28.65,28.02,25.88,26.31,25.29,25.63,25.80,25.71
3274,Kota Cirebon,Cirebon City,32,Jawa Barat,3,Jawa,Kota Cirebon,27.12,28.25,29.36,29.45,29.94,29.62,29.20,28.89,28.74,28.18,26.77,26.43,24.86,25.02,25.41,26.63
3275,Kota Bekasi,Bekasi City,32,Jawa Barat,3,Jawa,Kota Bekasi,28.27,29.23,30.34,30.80,32.20,32.54,33.48,34.66,35.52,35.54,33.12,33.53,32.50,32.71,33.75,33.13
3276,Kota Depok,Depok City,32,Jawa Barat,3,Jawa,Kota Depok,51.35,51.58,53.27,51.25,49.79,48.64,49.33,50.65,52.08,51.38,50.52,51.41,49.67,49.84,49.67,49.91
3277,Kota Cimahi,Cimahi City,32,Jawa Barat,3,Jawa,Kota Cimahi,35.13,35.13,36.39,34.94,34.85,34.63,34.26,34.39,34.37,33.14,31.49,32.32,30.59,30.94,31.67,31.12
3278,Kota Tasikmalaya,Tasikmalaya City,32,Jawa Barat,3,Jawa,Kota Tasikmalaya,29.63,30.21,31.05,30.81,30.07,30.18,30.99,31.60,31.97,31.93,31.11,31.89,30.46,30.63,29.45,28.93
3279,Kota Banjar,Banjar City,32,Jawa Barat,3,Jawa,Kota Banjar,25.24,27.56,29.05,29.37,29.13,29.58,29.35,30.37,30.95,31.04,28.75,29.80,29.20,28.59,28.27,29.45
3301,Cilacap,Cilacap,33,Jawa Tengah,3,Jawa,Cilacap,12.28,12.77,13.61,13.84,14.05,13.93,13.61,14.16,14.57,15.10,16.45,16.99,16.59,16.42,17.15,17.35
3302,Banyumas,Banyumas,33,Jawa Tengah,3,Jawa,Banyumas,35.75,35.93,37.49,36.48,36.25,35.38,35.52,35.47,35.92,35.56,33.92,35.15,34.05,33.31,33.79,33.34
3303,Purbalingga,Purbalingga,33,Jawa Tengah,3,Jawa,Purbalingga,17.80,18.27,19.42,19.37,19.45,19.46,19.56,19.93,20.55,20.42,19.63,20.18,19.57,19.48,19.83,19.68
3304,Banjarnegara,Banjarnegara,33,Jawa Tengah,3,Jawa,Banjarnegara,20.20,20.48,21.62,21.35,20.95,20.70,20.82,20.91,21.10,21.05,20.72,21.42,20.83,20.65,20.67,21.46
3305,Kebumen,Kebumen,33,Jawa Tengah,3,Jawa,Kebumen,19.90,20.14,20.93,21.03,21.16,19.98,20.67,20.82,20.82,20.55,19.25,19.83,19.18,18.76,18.37,18.74
3306,Purworejo,Purworejo,33,Jawa Tengah,3,Jawa,Purworejo,24.09,24.48,25.44,26.15,25.83,25.49,25.56,25.95,26.27,26.18,24.82,25.77,25.35,25.10,25.28,25.56
3307,Wonosobo,Wonosobo,33,Jawa Tengah,3,Jawa,Wonosobo,16.72,16.92,18.02,18.25,17.94,18.17,18.33,18.64,18.89,18.75,17.76,18.32,17.78,17.50,17.83,18.10
3308,Magelang,Magelang,33,Jawa Tengah,3,Jawa,Magelang,26.05,26.31,27.20,26.45,26.09,25.92,25.78,26.14,27.18,27.11,26.01,26.68,25.81,25.94,26.43,26.25
3309,Boyolali,Boyolali,33,Jawa Tengah,3,Jawa,Boyolali,19.98,20.29,21.34,20.96,20.72,20.41,20.35,20.74,20.62,20.34,19.45,20.09,19.31,20.07,20.54,21.25
3310,Klaten,Klaten,33,Jawa Tengah,3,Jawa,Klaten,20.93,21.64,23.10,22.61,22.34,22.21,21.54,21.96,21.98,21.87,20.67,21.19,21.53,22.84,23.33,20.80
3311,Sukoharjo,Sukoharjo,33,Jawa Tengah,3,Jawa,Sukoharjo,21.24,22.22,24.21,24.06,23.65,23.20,23.05,23.17,23.15,23.03,22.27,22.60,21.83,21.68,21.86,21.91
3312,Wonogiri,Wonogiri,33,Jawa Tengah,3,Jawa,Wonogiri,18.82,19.84,21.39,21.31,20.37,20.08,19.92,20.29,20.26,20.14,19.49,19.99,19.06,19.34,19.48,19.18
3313,Karanganyar,Karanganyar,33,Jawa Tengah,3,Jawa,Karanganyar,21.14,21.47,22.11,21.76,21.53,21.33,21.64,22.19,22.63,23.05,21.55,22.38,21.83,21.83,22.29,22.55
3314,Sragen,Sragen,33,Jawa Tengah,3,Jawa,Sragen,19.50,20.11,20.75,20.99,21.40,21.85,22.37,22.88,23.34,23.33,22.18,23.04,22.68,22.64,22.75,22.81
3315,Grobogan,Grobogan,33,Jawa Tengah,3,Jawa,Grobogan,15.13,15.75,16.85,17.14,17.26,16.88,16.86,17.12,17.07,17.05,15.60,16.20,16.04,16.06,16.21,16.72
3316,Blora,Blora,33,Jawa Tengah,3,Jawa,Blora,11.74,11.81,12.54,12.63,12.73,12.65,10.85,10.98,11.23,11.41,11.08,11.72,12.22,12.33,12.59,12.73
3317,Rembang,Rembang,33,Jawa Tengah,3,Jawa,Rembang,20.63,21.44,22.40,21.73,21.54,21.62,21.82,22.20,22.70,22.70,21.61,22.25,22.60,22.60,22.61,22.61
3318,Pati,Pati,33,Jawa Tengah,3,Jawa,Pati,21.52,22.21,23.16,23.56,23.76,23.04,22.75,22.72,22.69,22.65,21.58,22.40,21.82,21.67,21.91,22.69
3319,Kudus,Kudus,33,Jawa Tengah,3,Jawa,Kudus,10.65,11.32,12.05,12.02,11.79,11.82,12.09,12.50,13.07,13.23,12.93,13.93,14.12,14.33,14.49,15.86
3320,Jepara,Jepara,33,Jawa Tengah,3,Jawa,Jepara,19.00,19.50,20.29,20.12,19.98,19.92,20.42,27.56,34.08,36.13,35.09,35.76,35.01,34.45,35.40,36.92
3321,Demak,Demak,33,Jawa Tengah,3,Jawa,Demak,25.16,25.24,26.02,25.89,26.09,25.78,25.80,25.59,25.62,25.66,28.24,28.61,27.90,28.67,29.22,29.48
3322,Semarang,Semarang,33,Jawa Tengah,3,Jawa,Semarang,38.92,40.04,41.88,40.94,40.17,39.53,39.44,39.67,40.72,40.20,38.80,39.21,38.29,38.42,39.35,40.60
3323,Temanggung,Temanggung,33,Jawa Tengah,3,Jawa,Temanggung,14.40,14.66,15.25,15.05,14.99,14.99,15.16,15.41,16.01,16.34,15.97,16.95,16.68,16.60,16.93,17.04
3324,Kendal,Kendal,33,Jawa Tengah,3,Jawa,Kendal,24.06,24.54,26.70,27.23,26.55,26.41,26.46,26.74,27.15,26.99,25.48,25.99,25.29,25.39,26.01,28.98
3325,Batang,Batang,33,Jawa Tengah,3,Jawa,Batang,16.30,16.56,17.32,16.96,16.77,16.71,16.92,21.20,38.83,35.18,25.54,25.44,24.85,24.78,25.63,27.33
3326,Pekalongan,Pekalongan,33,Jawa Tengah,3,Jawa,Pekalongan,19.95,19.98,20.91,20.61,20.62,20.61,21.16,22.43,23.61,23.47,22.22,22.78,22.70,23.54,24.40,24.67
3327,Pemalang,Pemalang,33,Jawa Tengah,3,Jawa,Pemalang,12.11,12.32,12.80,12.66,12.13,11.56,11.59,11.72,12.08,12.54,12.39,12.87,12.06,12.17,12.20,12.81
3328,Tegal,Tegal,33,Jawa Tengah,3,Jawa,Tegal,23.18,23.56,24.36,23.99,23.51,23.02,22.72,22.65,22.57,22.42,20.84,21.22,20.58,20.37,20.68,20.77
3329,Brebes,Brebes,33,Jawa Tengah,3,Jawa,Brebes,12.86,13.10,13.93,13.58,12.93,12.52,12.47,12.68,13.29,13.09,12.39,12.66,12.26,12.17,12.27,12.62
3371,Kota Magelang,Magelang City,33,Jawa Tengah,3,Jawa,Kota Magelang,49.01,47.38,48.57,47.22,46.77,46.92,46.65,46.70,47.59,47.21,45.80,46.43,44.45,43.79,43.67,43.83
3372,Kota Surakarta,Surakarta City,33,Jawa Tengah,3,Jawa,Kota Surakarta,67.36,65.57,64.87,64.11,64.45,64.29,64.68,65.24,67.17,66.69,61.32,62.23,59.23,56.87,55.78,53.44
3373,Kota Salatiga,Salatiga City,33,Jawa Tengah,3,Jawa,Kota Salatiga,44.59,44.98,46.42,45.55,44.85,44.58,44.75,45.54,46.46,46.13,43.67,42.61,41.15,40.36,40.20,40.45
3374,Kota Semarang,Semarang City,33,Jawa Tengah,3,Jawa,Kota Semarang,68.80,68.44,68.86,68.16,67.62,66.51,67.58,66.72,65.72,64.38,60.01,60.44,57.50,56.76,57.56,58.13
3375,Kota Pekalongan,Pekalongan City,33,Jawa Tengah,3,Jawa,Kota Pekalongan,39.82,39.00,39.00,39.13,39.32,39.52,39.53,39.67,39.74,39.41,38.20,39.50,38.06,38.69,39.65,38.29
3376,Kota Tegal,Tegal City,33,Jawa Tengah,3,Jawa,Kota Tegal,48.23,47.88,48.48,47.88,46.69,46.65,46.17,45.50,45.44,44.75,43.11,43.68,43.33,43.08,43.45,42.11
3401,Kulon Progo,Kulon Progo,34,Daerah Istimewa Yogyakarta,3,Jawa,Kulon Progo,27.59,27.62,27.67,27.54,27.82,27.71,28.08,29.15,36.19,48.67,40.42,41.85,41.12,41.01,41.98,40.63
3402,Bantul,Bantul,34,Daerah Istimewa Yogyakarta,3,Jawa,Bantul,22.68,22.48,22.52,22.44,22.51,22.46,22.64,22.56,22.94,22.72,20.01,20.63,20.77,21.06,21.65,20.34
3403,Gunung Kidul,Gunung Kidul,34,Daerah Istimewa Yogyakarta,3,Jawa,Gunung Kidul,24.49,24.51,24.41,24.31,24.35,24.27,24.64,24.52,25.08,25.38,24.13,25.39,25.50,25.84,26.58,25.40
3404,Sleman,Sleman,34,Daerah Istimewa Yogyakarta,3,Jawa,Sleman,32.40,32.07,32.20,32.15,32.33,32.14,32.41,32.19,33.10,32.74,29.57,30.35,30.48,30.96,32.79,37.38
3471,Kota Yogyakarta,Yogyakarta City,34,Daerah Istimewa Yogyakarta,3,Jawa,Kota Yogyakarta,24.46,24.17,24.15,24.05,24.08,23.71,23.77,23.58,23.65,23.30,20.53,21.21,21.05,20.91,20.53,19.96
3501,Pacitan,Pacitan,35,Jawa Timur,3,Jawa,Pacitan,38.48,37.83,37.96,37.80,38.52,38.23,38.55,39.15,40.38,40.13,39.01,38.71,38.90,38.67,38.68,38.05
3502,Ponorogo,Ponorogo,35,Jawa Timur,3,Jawa,Ponorogo,27.41,27.03,26.73,26.53,26.35,26.64,26.95,27.41,27.62,27.58,26.27,25.82,26.36,26.43,26.60,26.58
3503,Trenggalek,Trenggalek,35,Jawa Timur,3,Jawa,Trenggalek,19.50,19.20,19.57,19.46,19.25,19.43,19.63,19.83,20.01,19.98,19.26,18.82,18.25,18.31,18.53,19.15
3504,Tulungagung,Tulungagung,35,Jawa Timur,3,Jawa,Tulungagung,27.39,27.04,27.19,27.01,27.12,26.93,27.07,27.47,27.69,27.70,27.21,26.62,26.62,26.64,26.77,27.09
3505,Blitar,Blitar,35,Jawa Timur,3,Jawa,Blitar,26.86,27.02,27.31,27.81,27.93,27.78,27.77,27.94,28.01,28.21,27.27,26.93,26.83,26.37,26.50,26.61
3506,Kediri,Kediri,35,Jawa Timur,3,Jawa,Kediri,29.79,29.71,29.76,29.42,29.60,29.70,30.36,30.77,31.18,31.14,30.32,29.88,30.51,31.00,31.00,29.64
3507,Malang,Malang,35,Jawa Timur,3,Jawa,Malang,30.05,29.65,30.27,30.57,30.00,29.86,30.11,30.46,30.69,30.71,29.94,29.95,29.35,29.57,29.74,29.83
3508,Lumajang,Lumajang,35,Jawa Timur,3,Jawa,Lumajang,21.14,20.70,21.16,21.05,20.61,20.59,20.86,21.03,21.18,21.11,20.73,20.60,20.70,20.79,20.96,20.87
3509,Jember,Jember,35,Jawa Timur,3,Jawa,Jember,17.52,17.70,18.19,18.37,18.16,18.45,18.44,18.72,18.96,19.00,18.53,18.15,18.28,18.49,18.72,18.51
3510,Banyuwangi,Banyuwangi,35,Jawa Timur,3,Jawa,Banyuwangi,28.68,28.49,29.44,29.34,28.97,30.57,31.05,31.48,31.90,32.43,31.28,30.93,29.80,30.15,30.58,30.86
3511,Bondowoso,Bondowoso,35,Jawa Timur,3,Jawa,Bondowoso,23.94,23.79,24.42,24.84,24.88,25.14,25.28,25.49,25.56,25.63,24.31,23.80,24.58,24.78,24.45,24.36
3512,Situbondo,Situbondo,35,Jawa Timur,3,Jawa,Situbondo,24.14,24.22,24.45,23.93,23.94,23.91,24.08,24.29,24.42,24.39,23.55,22.84,23.06,23.24,22.89,22.61
3513,Probolinggo,Probolinggo,35,Jawa Timur,3,Jawa,Probolinggo,27.18,28.01,29.38,28.77,28.09,27.37,27.47,27.99,28.67,28.76,28.02,27.00,26.74,26.63,26.59,26.73
3514,Pasuruan,Pasuruan,35,Jawa Timur,3,Jawa,Pasuruan,34.18,32.65,33.58,33.76,33.54,33.78,34.09,34.40,34.65,34.44,33.68,32.42,31.09,30.76,30.74,30.45
3515,Sidoarjo,Sidoarjo,35,Jawa Timur,3,Jawa,Sidoarjo,35.70,36.09,35.90,34.72,33.35,33.07,32.27,32.50,32.36,31.92,31.71,31.06,31.15,31.46,31.27,31.85
3516,Mojokerto,Mojokerto,35,Jawa Timur,3,Jawa,Mojokerto,25.60,25.30,26.26,26.41,26.19,26.08,26.07,26.06,26.13,26.16,25.30,24.31,24.31,24.36,24.06,24.00
3517,Jombang,Jombang,35,Jawa Timur,3,Jawa,Jombang,28.85,29.13,29.89,30.12,30.26,30.13,30.40,30.75,30.98,30.95,29.97,29.77,29.45,29.24,28.74,28.39
3518,Nganjuk,Nganjuk,35,Jawa Timur,3,Jawa,Nganjuk,27.51,27.14,27.73,27.51,27.34,27.37,27.60,27.82,28.53,28.73,27.83,27.33,27.49,27.39,27.60,27.79
3519,Madiun,Madiun,35,Jawa Timur,3,Jawa,Madiun,28.19,27.86,28.78,29.43,29.59,30.40,31.51,32.65,33.70,33.65,32.13,31.40,30.77,30.44,30.53,30.19
3520,Magetan,Magetan,35,Jawa Timur,3,Jawa,Magetan,23.04,22.82,22.57,22.22,22.27,22.09,22.18,22.34,22.54,22.65,21.72,21.66,21.96,22.18,22.26,22.37
3521,Ngawi,Ngawi,35,Jawa Timur,3,Jawa,Ngawi,21.47,21.15,20.54,20.11,19.56,19.33,19.83,21.75,22.36,22.44,21.73,21.46,20.83,20.94,20.95,20.44
3522,Bojonegoro,Bojonegoro,35,Jawa Timur,3,Jawa,Bojonegoro,19.20,18.56,19.44,20.31,21.07,18.69,16.23,15.83,16.21,16.31,15.92,17.11,19.54,20.06,20.74,20.67
3523,Tuban,Tuban,35,Jawa Timur,3,Jawa,Tuban,40.23,39.07,38.88,37.87,36.63,36.25,36.24,36.47,36.66,36.43,36.78,35.72,34.95,35.24,35.67,36.09
3524,Lamongan,Lamongan,35,Jawa Timur,3,Jawa,Lamongan,31.70,31.12,31.82,31.96,30.87,31.03,31.56,31.95,32.07,31.69,30.39,29.81,29.68,29.88,29.92,29.06
3525,Gresik,Gresik,35,Jawa Timur,3,Jawa,Gresik,21.71,21.54,22.12,22.16,21.66,22.67,22.67,23.00,23.45,23.33,23.18,22.74,22.49,22.67,22.68,22.90
3526,Bangkalan,Bangkalan,35,Jawa Timur,3,Jawa,Bangkalan,19.11,19.30,22.66,23.50,22.92,25.71,27.08,27.81,28.32,28.84,29.17,30.12,31.05,31.28,32.33,32.24
3527,Sampang,Sampang,35,Jawa Timur,3,Jawa,Sampang,24.17,24.69,24.70,24.50,25.61,26.51,26.66,26.96,27.67,28.10,27.01,27.31,27.79,27.66,28.62,28.53
3528,Pamekasan,Pamekasan,35,Jawa Timur,3,Jawa,Pamekasan,31.18,30.68,30.62,30.24,30.05,30.07,30.14,30.62,30.92,31.06,29.69,29.19,28.86,28.81,29.74,29.31
3529,Sumenep,Sumenep,35,Jawa Timur,3,Jawa,Sumenep,23.22,23.03,22.90,21.45,21.28,21.91,22.65,23.35,23.87,25.04,24.63,24.59,24.99,25.11,25.56,25.12
3571,Kota Kediri,Kediri City,35,Jawa Timur,3,Jawa,Kota Kediri,17.29,19.04,19.60,19.43,19.01,18.96,18.83,18.70,18.69,18.44,18.60,18.26,18.13,18.42,18.44,18.97
3572,Kota Blitar,Blitar City,35,Jawa Timur,3,Jawa,Kota Blitar,21.05,20.51,20.72,20.23,19.80,19.77,19.79,19.83,19.88,19.66,19.01,18.51,18.57,18.43,18.41,18.39
3573,Kota Malang,Malang City,35,Jawa Timur,3,Jawa,Kota Malang,32.00,31.74,32.00,31.98,31.48,32.08,32.35,32.52,32.84,33.10,32.25,31.03,31.63,32.49,32.26,32.66
3574,Kota Probolinggo,Probolinggo City,35,Jawa Timur,3,Jawa,Kota Probolinggo,18.79,18.65,19.39,19.08,18.72,18.71,18.96,19.16,19.50,19.53,19.06,18.64,19.29,17.82,17.67,17.46
3575,Kota Pasuruan,Pasuruan City,35,Jawa Timur,3,Jawa,Kota Pasuruan,21.24,21.12,21.37,20.71,20.38,20.70,20.93,21.07,21.19,21.06,20.95,20.49,20.39,20.21,20.23,19.55
3576,Kota Mojokerto,Mojokerto City,35,Jawa Timur,3,Jawa,Kota Mojokerto,32.78,32.55,33.41,33.08,33.17,33.55,34.61,33.98,34.16,33.92,33.54,32.72,32.46,31.96,31.38,30.95
3577,Kota Madiun,Madiun City,35,Jawa Timur,3,Jawa,Kota Madiun,19.08,18.81,19.19,19.24,19.13,19.36,19.66,19.88,20.18,20.12,20.27,19.96,20.07,20.11,20.31,20.56
3578,Kota Surabaya,Surabaya City,35,Jawa Timur,3,Jawa,Kota Surabaya,29.02,28.80,29.15,28.53,27.80,27.56,27.69,27.79,27.83,27.54,26.77,25.96,26.23,25.79,25.90,26.03
3579,Kota Batu,Batu City,35,Jawa Timur,3,Jawa,Kota Batu,29.87,29.71,30.45,31.06,31.55,31.98,31.73,31.94,31.96,32.18,32.16,31.54,31.01,31.19,30.54,30.57
3601,Pandeglang,Pandeglang,36,Banten,3,Jawa,Pandeglang,7.29,7.15,7.17,6.90,6.67,6.62,6.59,6.88,6.90,6.99,7.04,7.09,7.07,7.34,7.51,7.51
3602,Lebak,Lebak,36,Banten,3,Jawa,Lebak,4.15,4.12,4.48,4.59,4.42,4.52,4.61,5.01,5.01,5.08,5.13,5.17,5.16,5.18,5.15,5.14
3603,Tangerang,Tangerang,36,Banten,3,Jawa,Tangerang,19.95,20.48,22.17,21.46,21.10,21.35,21.47,22.46,22.59,22.94,23.59,23.65,23.60,24.44,24.09,23.89
3604,Serang,Serang,36,Banten,3,Jawa,Serang,30.36,30.68,31.40,30.94,30.57,30.76,31.45,36.01,36.65,36.40,37.52,37.53,36.43,35.72,34.88,34.54
3671,Kota Tangerang,Tangerang City,36,Banten,3,Jawa,Kota Tangerang,27.35,28.70,29.87,29.94,29.75,30.29,31.00,32.01,33.26,33.98,36.47,36.89,36.13,35.16,34.51,34.56
3672,Kota Cilegon,Cilegon City,36,Banten,3,Jawa,Kota Cilegon,48.50,47.47,46.27,43.59,42.05,41.91,41.42,39.25,38.67,39.02,39.49,39.08,38.76,39.29,38.68,38.14
3673,Kota Serang,Serang City,36,Banten,3,Jawa,Kota Serang,34.06,36.90,41.49,39.49,37.30,39.06,39.22,38.46,38.33,38.52,39.05,38.50,37.87,36.93,35.77,35.87
3674,Kota Tangerang Selatan,South Tangerang City,36,Banten,3,Jawa,Kota Tangerang Selatan,46.28,46.24,44.16,42.41,41.33,39.87,39.03,39.65,40.46,39.70,39.94,40.17,39.51,38.08,36.88,36.90
5101,Jembrana,Jembrana,51,Bali,5,Bali-Nusa Tenggara,Jembrana,26.05,27.07,27.53,27.17,26.48,26.58,26.75,26.95,26.99,25.93,25.19,24.92,24.75,24.60,24.60,24.63
5102,Tabanan,Tabanan,51,Bali,5,Bali-Nusa Tenggara,Tabanan,19.79,21.13,21.18,20.61,20.01,20.22,20.63,20.66,21.12,20.91,20.47,19.28,19.06,18.80,19.05,18.85
5103,Badung,Badung,51,Bali,5,Bali-Nusa Tenggara,Badung,39.49,42.73,43.97,43.14,40.50,40.65,41.37,41.28,41.94,41.27,43.06,42.49,39.63,36.94,36.96,36.95
5104,Gianyar,Gianyar,51,Bali,5,Bali-Nusa Tenggara,Gianyar,34.80,36.47,37.21,37.26,35.85,35.49,35.91,35.84,35.99,35.72,35.83,35.74,34.81,33.76,33.25,33.18
5105,Klungkung,Klungkung,51,Bali,5,Bali-Nusa Tenggara,Klungkung,31.31,32.55,32.42,32.26,31.54,31.71,32.22,32.12,32.72,32.62,31.11,30.97,30.81,30.40,30.69,30.39
5106,Bangli,Bangli,51,Bali,5,Bali-Nusa Tenggara,Bangli,37.08,38.74,38.96,38.23,37.28,37.43,37.76,37.83,38.97,38.23,38.30,38.26,37.57,36.97,37.18,36.70
5107,Karangasem,Karangasem,51,Bali,5,Bali-Nusa Tenggara,Karangasem,14.52,15.44,15.51,15.12,14.94,15.19,15.60,15.65,16.15,15.81,15.26,15.18,15.16,14.99,14.93,14.99
5108,Buleleng,Buleleng,51,Bali,5,Bali-Nusa Tenggara,Buleleng,25.85,26.62,26.84,26.22,25.32,25.36,25.87,25.56,26.08,25.76,25.36,24.82,24.76,24.59,24.97,24.98
5171,Kota Denpasar,Denpasar City,51,Bali,5,Bali-Nusa Tenggara,Kota Denpasar,35.22,38.08,39.32,38.89,36.75,37.52,38.24,37.33,38.41,37.88,34.87,34.78,34.01,33.33,33.40,33.71
5201,Lombok Barat,West Lombok,52,Nusa Tenggara Barat,5,Bali-Nusa Tenggara,Lombok Barat,33.41,33.29,33.88,33.36,33.01,33.83,34.70,34.31,34.21,35.19,34.40,34.94,31.85,33.01,32.37,31.70
5202,Lombok Tengah,Central Lombok,52,Nusa Tenggara Barat,5,Bali-Nusa Tenggara,Lombok Tengah,42.52,40.37,38.29,36.99,35.88,37.61,38.80,38.48,39.00,40.39,43.86,46.94,42.94,44.06,43.54,41.96
5203,Lombok Timur,East Lombok,52,Nusa Tenggara Barat,5,Bali-Nusa Tenggara,Lombok Timur,32.99,32.37,32.21,32.18,31.58,32.84,34.54,34.13,34.17,34.99,34.18,34.78,33.94,35.23,34.94,34.52
5204,Sumbawa,Sumbawa,52,Nusa Tenggara Barat,5,Bali-Nusa Tenggara,Sumbawa,34.77,34.59,35.99,34.63,33.70,34.55,35.35,34.49,35.07,35.64,35.20,35.06,34.07,35.45,35.67,34.30
5205,Dompu,Dompu,52,Nusa Tenggara Barat,5,Bali-Nusa Tenggara,Dompu,31.52,33.49,38.70,36.85,34.95,35.89,36.21,35.06,35.08,35.11,34.79,35.09,34.51,36.09,36.19,34.85
5206,Bima,Bima,52,Nusa Tenggara Barat,5,Bali-Nusa Tenggara,Bima,33.95,33.76,36.08,35.00,34.35,35.16,35.81,34.84,34.79,35.34,34.89,34.72,32.83,34.12,34.15,33.43
5207,Sumbawa Barat,West Sumbawa,52,Nusa Tenggara Barat,5,Bali-Nusa Tenggara,Sumbawa Barat,9.35,13.95,21.91,20.56,21.41,11.31,11.00,13.93,22.33,23.55,18.36,18.43,15.07,19.36,17.76,18.37
5208,Lombok Utara,North Lombok,52,Nusa Tenggara Barat,5,Bali-Nusa Tenggara,Lombok Utara,34.18,34.00,35.27,35.01,34.39,35.42,35.12,34.66,34.83,38.10,38.12,38.70,37.67,39.56,38.79,38.07
5271,Kota Mataram,Mataram City,52,Nusa Tenggara Barat,5,Bali-Nusa Tenggara,Kota Mataram,30.75,31.63,33.76,32.87,31.72,32.63,32.83,32.65,32.25,33.32,31.48,31.83,30.88,31.94,31.22,30.81
5272,Kota Bima,Bima City,52,Nusa Tenggara Barat,5,Bali-Nusa Tenggara,Kota Bima,36.80,34.75,34.98,33.65,32.84,33.75,34.42,35.43,36.32,36.29,34.15,34.57,31.37,32.69,31.91,30.73
5301,Sumba Barat,West Sumba,53,Nusa Tenggara Timur,5,Bali-Nusa Tenggara,Sumba Barat,22.42,24.18,24.31,27.77,32.57,35.41,39.42,39.84,39.70,39.05,36.45,37.74,37.09,38.23,37.95,35.72
5302,Sumba Timur,East Sumba,53,Nusa Tenggara Timur,5,Bali-Nusa Tenggara,Sumba Timur,30.55,31.88,31.78,34.52,39.15,40.01,43.06,45.39,44.53,44.75,42.40,44.05,43.45,44.27,43.51,41.53
5303,Kupang,Kupang,53,Nusa Tenggara Timur,5,Bali-Nusa Tenggara,Kupang,33.63,34.49,36.77,37.49,37.28,36.89,39.31,41.45,41.75,42.78,40.13,40.75,39.65,40.17,39.97,38.11
5304,Timor Tengah Selatan,South Central Timor,53,Nusa Tenggara Timur,5,Bali-Nusa Tenggara,Timor Tengah Selatan,29.14,31.59,32.35,34.22,35.78,36.65,38.50,38.87,38.98,38.20,35.38,35.76,35.25,35.97,34.97,31.57
5305,Timor Tengah Utara,North Central Timor,53,Nusa Tenggara Timur,5,Bali-Nusa Tenggara,Timor Tengah Utara,35.35,36.28,37.08,37.69,39.82,40.36,43.33,44.68,44.49,43.64,40.43,40.92,39.69,40.64,39.89,38.18
5306,Belu,Belu,53,Nusa Tenggara Timur,5,Bali-Nusa Tenggara,Belu,25.08,25.97,27.69,28.45,36.10,36.97,39.21,41.84,41.37,41.53,39.21,39.37,38.02,38.91,37.77,35.64
5307,Alor,Alor,53,Nusa Tenggara Timur,5,Bali-Nusa Tenggara,Alor,31.89,33.19,33.52,35.83,40.89,43.06,46.54,46.84,47.02,46.48,43.28,44.33,43.72,44.50,43.24,40.37
5308,Lembata,Lembata,53,Nusa Tenggara Timur,5,Bali-Nusa Tenggara,Lembata,22.17,22.74,23.29,24.29,25.33,25.80,28.35,29.57,29.71,29.72,27.73,27.93,27.65,28.56,27.98,26.53
5309,Flores Timur,East Flores,53,Nusa Tenggara Timur,5,Bali-Nusa Tenggara,Flores Timur,21.47,21.93,22.25,22.64,24.37,25.46,27.13,27.65,27.76,27.41,25.40,25.70,25.20,25.91,25.25,23.98
5310,Sikka,Sikka,53,Nusa Tenggara Timur,5,Bali-Nusa Tenggara,Sikka,30.38,31.48,32.39,34.51,40.30,43.04,45.78,46.32,46.78,46.86,43.89,44.78,44.06,44.96,43.59,40.76
5311,Ende,Ende,53,Nusa Tenggara Timur,5,Bali-Nusa Tenggara,Ende,35.03,35.09,35.77,37.66,41.02,44.30,48.31,48.54,51.36,51.26,47.19,48.23,46.42,47.40,46.19,43.40
5312,Ngada,Ngada,53,Nusa Tenggara Timur,5,Bali-Nusa Tenggara,Ngada,20.68,21.18,19.76,19.98,20.76,24.02,25.67,25.98,25.97,26.08,24.62,25.59,25.27,25.46,25.34,24.15
5313,Manggarai,Manggarai,53,Nusa Tenggara Timur,5,Bali-Nusa Tenggara,Manggarai,34.18,34.50,37.24,36.91,38.32,40.92,43.51,46.90,46.55,46.59,43.23,44.61,43.03,44.05,43.63,41.35
5314,Rote Ndao,Rote Ndao,53,Nusa Tenggara Timur,5,Bali-Nusa Tenggara,Rote Ndao,22.58,23.56,23.42,25.83,30.33,32.28,34.53,35.31,35.27,35.17,32.68,33.41,32.76,33.21,32.69,36.10
5315,Manggarai Barat,West Manggarai,53,Nusa Tenggara Timur,5,Bali-Nusa Tenggara,Manggarai Barat,36.34,38.32,39.51,41.74,51.43,51.97,56.03,61.35,64.43,64.84,67.61,68.55,67.28,69.38,66.83,63.91
5316,Sumba Tengah,Central Sumba,53,Nusa Tenggara Timur,5,Bali-Nusa Tenggara,Sumba Tengah,20.51,23.68,25.11,28.19,35.22,39.61,44.72,46.61,48.00,46.60,43.41,44.67,44.40,46.01,45.09,42.67
5317,Sumba Barat Daya,Southwest Sumba,53,Nusa Tenggara Timur,5,Bali-Nusa Tenggara,Sumba Barat Daya,19.08,20.10,20.26,22.43,24.71,26.58,28.64,29.48,29.92,30.08,28.67,29.75,29.25,30.07,29.81,28.10
5318,Nagekeo,Nagekeo,53,Nusa Tenggara Timur,5,Bali-Nusa Tenggara,Nagekeo,26.85,27.98,28.65,30.50,32.05,33.07,36.15,38.28,38.44,37.73,35.47,36.36,36.11,38.06,37.64,35.81
5319,Manggarai Timur,East Manggarai,53,Nusa Tenggara Timur,5,Bali-Nusa Tenggara,Manggarai Timur,21.38,23.05,23.16,26.04,29.13,34.01,35.99,39.72,39.88,40.26,37.72,38.72,37.45,37.85,36.83,34.87
5320,Sabu Raijua,Sabu Raijua,53,Nusa Tenggara Timur,5,Bali-Nusa Tenggara,Sabu Raijua,20.62,24.08,31.13,32.89,35.53,35.70,37.42,39.08,39.48,39.95,38.54,40.11,38.86,39.68,38.52,36.56
5321,Malaka,Malaka,53,Nusa Tenggara Timur,5,Bali-Nusa Tenggara,Malaka,37.99,38.89,40.47,41.26,48.68,50.43,54.22,58.05,57.56,56.82,52.69,52.85,50.54,51.73,50.40,47.41
5371,Kota Kupang,Kupang City,53,Nusa Tenggara Timur,5,Bali-Nusa Tenggara,Kota Kupang,43.93,41.52,41.30,41.45,52.18,57.75,64.96,70.32,67.99,67.06,61.50,62.66,59.66,60.47,59.41,56.12
6101,Sambas,Sambas,61,Kalimantan Barat,6,Kalimantan,Sambas,25.22,28.04,28.65,27.62,29.08,29.46,28.55,27.49,26.43,25.27,25.21,25.06,24.38,24.88,25.05,24.53
6102,Bengkayang,Bengkayang,61,Kalimantan Barat,6,Kalimantan,Bengkayang,30.98,31.35,31.53,30.05,31.63,31.91,30.94,29.71,29.05,27.95,28.08,28.26,28.80,29.99,29.91,29.14
6103,Landak,Landak,61,Kalimantan Barat,6,Kalimantan,Landak,26.12,28.19,28.53,27.23,28.00,27.52,26.50,25.87,25.04,24.46,24.30,23.60,23.66,24.43,24.74,24.72
6104,Mempawah,Mempawah,61,Kalimantan Barat,6,Kalimantan,Mempawah,24.41,24.78,25.59,24.95,24.57,24.43,24.00,23.21,22.87,23.06,23.24,22.95,23.07,25.17,42.16,23.80
6105,Sanggau,Sanggau,61,Kalimantan Barat,6,Kalimantan,Sanggau,32.53,35.48,35.78,34.17,34.85,35.82,34.91,33.83,33.05,32.45,30.83,29.86,29.26,31.63,32.52,31.98
6106,Ketapang,Ketapang,61,Kalimantan Barat,6,Kalimantan,Ketapang,29.99,31.53,31.82,30.51,34.80,40.39,37.46,36.24,33.95,33.12,31.28,30.06,29.34,30.95,35.28,39.74
6107,Sintang,Sintang,61,Kalimantan Barat,6,Kalimantan,Sintang,37.55,38.46,39.07,36.92,38.48,38.58,37.39,36.65,35.80,34.55,34.16,33.90,33.27,34.12,34.77,34.38
6108,Kapuas Hulu,Kapuas Hulu,61,Kalimantan Barat,6,Kalimantan,Kapuas Hulu,32.92,34.43,34.47,33.11,34.55,34.43,33.36,32.66,31.74,30.86,30.55,30.31,29.49,29.58,29.83,29.56
6109,Sekadau,Sekadau,61,Kalimantan Barat,6,Kalimantan,Sekadau,32.52,32.90,32.87,32.14,32.43,33.02,32.79,32.39,32.26,31.74,31.52,31.10,30.50,31.31,31.72,31.12
6110,Melawi,Melawi,61,Kalimantan Barat,6,Kalimantan,Melawi,27.10,28.77,29.22,28.14,28.55,28.88,28.29,28.16,28.28,27.65,27.66,27.84,27.69,27.65,27.92,27.93
6111,Kayong Utara,North Kayong,61,Kalimantan Barat,6,Kalimantan,Kayong Utara,25.82,26.98,27.75,28.35,28.91,29.68,29.47,29.11,28.94,28.60,27.84,28.01,27.55,28.36,28.58,60.14
6112,Kubu Raya,Kubu Raya,61,Kalimantan Barat,6,Kalimantan,Kubu Raya,30.73,33.88,35.10,34.76,35.87,36.31,35.10,34.45,34.37,33.50,33.69,33.41,32.81,33.78,34.20,34.42
6171,Kota Pontianak,Pontianak City,61,Kalimantan Barat,6,Kalimantan,Kota Pontianak,34.05,35.65,36.91,34.88,36.37,36.08,34.74,33.85,33.11,32.22,32.50,32.00,31.04,30.24,29.64,28.77
6172,Kota Singkawang,Singkawang City,61,Kalimantan Barat,6,Kalimantan,Kota Singkawang,34.57,36.97,37.73,38.30,39.17,40.46,39.64,39.07,38.76,38.50,37.86,37.02,37.47,39.52,39.20,38.63
6201,Kotawaringin Barat,West Kotawaringin,62,Kalimantan Tengah,6,Kalimantan,Kotawaringin Barat,43.53,47.70,48.93,47.24,48.45,47.36,47.46,47.09,47.85,47.43,44.10,43.42,41.26,39.98,40.31,37.94
6202,Kotawaringin Timur,East Kotawaringin,62,Kalimantan Tengah,6,Kalimantan,Kotawaringin Timur,45.91,47.67,46.98,44.60,44.37,43.50,41.80,40.04,39.65,38.18,35.52,36.21,33.74,35.49,35.41,33.49
6203,Kapuas,Kapuas,62,Kalimantan Tengah,6,Kalimantan,Kapuas,38.62,41.10,41.89,40.47,40.77,41.24,39.96,38.07,38.11,36.95,36.78,36.70,34.32,33.35,34.08,32.75
6204,Barito Selatan,South Barito,62,Kalimantan Tengah,6,Kalimantan,Barito Selatan,43.44,45.06,45.01,44.24,42.72,43.53,43.96,42.80,43.36,44.07,44.77,43.84,41.47,41.84,42.19,41.32
6205,Barito Utara,North Barito,62,Kalimantan Tengah,6,Kalimantan,Barito Utara,41.35,41.63,42.16,40.42,40.41,40.50,40.11,39.30,39.85,38.71,39.33,38.89,37.08,36.62,36.56,36.18
6206,Sukamara,Sukamara,62,Kalimantan Tengah,6,Kalimantan,Sukamara,43.53,44.05,44.66,42.74,42.74,42.45,41.90,41.44,41.27,40.66,38.92,38.19,36.66,35.68,34.23,31.82
6207,Lamandau,Lamandau,62,Kalimantan Tengah,6,Kalimantan,Lamandau,41.76,42.05,41.52,41.12,41.86,42.44,41.60,40.38,40.06,39.27,38.18,37.76,36.03,36.59,36.78,35.95
6208,Seruyan,Seruyan,62,Kalimantan Tengah,6,Kalimantan,Seruyan,45.37,43.81,42.89,42.35,41.47,41.85,41.30,39.46,40.14,39.72,39.03,40.53,38.75,39.53,40.11,35.56
6209,Katingan,Katingan,62,Kalimantan Tengah,6,Kalimantan,Katingan,45.55,46.71,46.22,45.65,45.36,45.32,45.85,45.66,46.24,45.95,44.90,44.56,42.40,42.28,42.94,41.19
6210,Pulang Pisau,Pulang Pisau,62,Kalimantan Tengah,6,Kalimantan,Pulang Pisau,50.89,51.59,53.22,52.03,52.62,53.37,53.08,52.63,51.44,50.29,49.54,48.82,47.43,46.73,47.32,44.88
6211,Gunung Mas,Gunung Mas,62,Kalimantan Tengah,6,Kalimantan,Gunung Mas,54.90,55.81,55.35,54.11,56.75,56.91,57.41,56.24,56.10,55.47,52.67,52.10,50.01,49.89,52.56,51.84
6212,Barito Timur,East Barito,62,Kalimantan Tengah,6,Kalimantan,Barito Timur,35.55,37.31,38.97,37.82,37.71,38.05,37.92,36.57,36.06,35.27,35.63,34.86,33.18,33.51,34.01,34.30
6213,Murung Raya,Murung Raya,62,Kalimantan Tengah,6,Kalimantan,Murung Raya,33.22,34.20,34.13,32.75,32.99,32.85,32.72,31.94,31.54,30.51,30.98,30.65,28.92,28.69,27.66,27.09
6271,Kota Palangka Raya,Palangka Raya City,62,Kalimantan Tengah,6,Kalimantan,Kota Palangka Raya,40.54,41.25,41.24,39.80,41.42,42.03,41.80,41.36,40.93,39.33,40.00,39.20,37.32,37.44,37.72,37.57
6301,Tanah Laut,Tanah Laut,63,Kalimantan Selatan,6,Kalimantan,Tanah Laut,19.97,19.55,19.05,18.92,19.15,19.58,19.60,19.43,19.93,20.36,20.48,19.82,19.65,19.74,19.39,19.24
6302,Kota Baru,Kotabaru,63,Kalimantan Selatan,6,Kalimantan,Kota Baru,17.20,16.77,16.61,16.47,16.70,17.18,17.19,17.17,17.21,17.53,17.72,17.36,17.34,17.91,17.63,17.78
6303,Banjar,Banjar,63,Kalimantan Selatan,6,Kalimantan,Banjar,31.13,30.54,30.23,28.98,29.05,29.16,28.83,28.66,29.32,29.84,30.30,29.75,29.40,29.43,29.35,29.27
6304,Barito Kuala,Barito Kuala,63,Kalimantan Selatan,6,Kalimantan,Barito Kuala,29.38,29.80,29.99,30.35,30.79,30.72,30.32,30.07,30.11,30.25,29.56,29.96,30.71,30.96,30.86,29.85
6305,Tapin,Tapin,63,Kalimantan Selatan,6,Kalimantan,Tapin,20.09,19.83,19.32,19.18,18.98,19.22,18.89,18.74,19.03,19.18,19.28,18.73,18.77,18.84,18.97,18.95
6306,Hulu Sungai Selatan,South Hulu Sungai,63,Kalimantan Selatan,6,Kalimantan,Hulu Sungai Selatan,30.68,30.64,30.68,30.24,30.23,29.84,29.28,28.80,28.57,28.49,27.41,26.84,27.37,27.70,28.31,28.26
6307,Hulu Sungai Tengah,Central Hulu Sungai,63,Kalimantan Selatan,6,Kalimantan,Hulu Sungai Tengah,30.78,30.16,29.97,29.71,29.62,29.25,28.64,28.61,28.90,28.87,28.61,27.98,28.20,28.65,28.41,28.01
6308,Hulu Sungai Utara,North Hulu Sungai,63,Kalimantan Selatan,6,Kalimantan,Hulu Sungai Utara,27.89,27.57,26.85,26.91,27.01,27.14,26.84,26.43,26.92,27.11,26.88,26.77,27.46,27.63,27.56,27.34
6309,Tabalong,Tabalong,63,Kalimantan Selatan,6,Kalimantan,Tabalong,11.41,10.98,10.83,10.89,11.03,11.37,11.56,11.79,11.99,12.28,12.52,12.42,12.47,12.80,12.88,12.82
6310,Tanah Bumbu,Tanah Bumbu,63,Kalimantan Selatan,6,Kalimantan,Tanah Bumbu,12.85,12.80,12.74,12.75,12.83,13.17,13.43,13.58,14.04,14.34,14.33,13.99,13.88,14.03,14.08,14.20
6311,Balangan,Balangan,63,Kalimantan Selatan,6,Kalimantan,Balangan,17.30,16.69,16.34,15.93,15.78,16.12,16.41,16.62,17.01,17.39,17.59,17.09,17.10,17.26,17.56,17.53
6371,Kota Banjarmasin,Banjarmasin City,63,Kalimantan Selatan,6,Kalimantan,Kota Banjarmasin,27.08,27.80,28.02,28.46,29.06,29.43,29.19,28.62,29.20,29.46,29.52,29.16,28.93,28.81,28.56,28.55
6372,Kota Banjar Baru,Banjar Baru City,63,Kalimantan Selatan,6,Kalimantan,Kota Banjar Baru,50.74,50.51,49.07,47.78,46.49,45.85,44.33,43.24,43.75,44.30,44.13,43.16,41.89,41.37,40.73,40.20
6401,Paser,Paser,64,Kalimantan Timur,6,Kalimantan,Paser,14.78,16.38,16.74,17.26,16.69,16.80,17.16,17.93,20.43,18.39,16.21,16.99,17.24,18.26,18.30,18.49
6402,Kutai Barat,West Kutai,64,Kalimantan Timur,6,Kalimantan,Kutai Barat,33.81,29.65,27.23,27.83,29.41,33.15,33.20,32.63,32.04,31.29,31.66,31.05,31.01,32.23,31.96,30.78
6403,Kutai Kartanegara,Kutai Kartanegara,64,Kalimantan Timur,6,Kalimantan,Kutai Kartanegara,27.25,29.54,27.79,27.18,28.09,30.05,29.34,29.34,30.51,30.68,31.77,33.47,34.77,36.56,36.04,36.01
6404,Kutai Timur,East Kutai,64,Kalimantan Timur,6,Kalimantan,Kutai Timur,17.22,17.65,17.14,16.76,17.53,16.99,15.40,15.05,15.48,14.99,15.28,17.84,18.78,19.19,18.50,19.22
6405,Berau,Berau,64,Kalimantan Timur,6,Kalimantan,Berau,25.36,25.01,24.37,23.21,21.88,20.63,21.03,20.24,21.02,19.95,19.81,18.83,18.89,19.06,18.73,18.77
6409,Penajam Paser Utara,North Penajam Paser,64,Kalimantan Timur,6,Kalimantan,Penajam Paser Utara,39.80,36.38,36.31,32.29,34.11,33.69,32.08,31.83,32.46,33.56,35.53,40.81,54.37,70.81,89.21,89.70
6411,Mahakam Ulu,Mahakam Ulu,64,Kalimantan Timur,6,Kalimantan,Mahakam Ulu,19.28,17.88,17.41,17.83,18.68,21.78,23.88,24.57,25.47,26.34,26.56,29.29,28.87,31.81,31.48,32.97
6471,Kota Balikpapan,Balikpapan City,64,Kalimantan Timur,6,Kalimantan,Kota Balikpapan,33.16,32.75,33.22,32.77,32.67,32.68,32.05,31.61,31.26,31.95,33.36,34.19,32.17,31.97,33.12,27.59
6472,Kota Samarinda,Samarinda City,64,Kalimantan Timur,6,Kalimantan,Kota Samarinda,47.76,42.50,45.19,44.93,45.37,43.85,41.02,41.36,42.09,42.53,42.06,42.54,43.49,45.20,45.50,44.78
6474,Kota Bontang,Bontang City,64,Kalimantan Timur,6,Kalimantan,Kota Bontang,11.18,12.04,13.62,14.89,16.02,14.97,10.23,10.62,11.47,12.19,12.54,12.39,12.84,13.09,14.26,14.69
6501,Malinau,Malinau,65,Kalimantan Utara,6,Kalimantan,Malinau,32.25,32.74,34.60,32.24,31.15,30.71,32.16,32.07,31.72,30.86,30.06,29.03,28.36,28.68,29.61,29.98
6502,Bulungan,Bulungan,65,Kalimantan Utara,6,Kalimantan,Bulungan,38.83,37.16,37.33,38.42,39.77,43.13,46.62,48.46,49.36,50.19,49.67,48.20,47.21,49.14,49.34,51.15
6503,Tana Tidung,Tana Tidung,65,Kalimantan Utara,6,Kalimantan,Tana Tidung,23.07,24.88,29.18,31.91,31.01,32.59,33.23,33.26,33.54,33.63,33.23,32.49,31.86,32.88,32.52,32.64
6504,Nunukan,Nunukan,65,Kalimantan Utara,6,Kalimantan,Nunukan,36.00,32.94,30.11,28.31,26.28,27.71,28.26,27.18,26.29,25.45,25.11,24.32,23.63,24.96,25.73,25.85
6571,Kota Tarakan,Tarakan City,65,Kalimantan Utara,6,Kalimantan,Kota Tarakan,28.13,25.57,24.73,24.82,25.82,26.99,26.94,25.76,25.07,24.39,24.00,23.26,22.52,23.15,23.77,22.28
7101,Bolaang Mongondow,Bolaang Mongondow,71,Sulawesi Utara,7,Sulawesi,Bolaang Mongondow,24.44,25.62,25.79,25.15,24.65,24.57,25.15,26.29,28.14,26.46,24.55,25.55,25.28,24.84,24.46,23.62
7102,Minahasa,Minahasa,71,Sulawesi Utara,7,Sulawesi,Minahasa,38.81,38.96,38.49,38.65,38.54,38.57,38.72,39.20,38.77,38.74,36.63,36.32,36.08,35.27,35.09,33.45
7103,Kepulauan Sangihe,Sangihe Islands,71,Sulawesi Utara,7,Sulawesi,Kepulauan Sangihe,29.77,30.49,30.28,28.76,27.38,28.16,28.40,28.58,28.30,28.73,27.30,28.71,27.71,27.38,27.39,26.20
7104,Kepulauan Talaud,Talaud Islands,71,Sulawesi Utara,7,Sulawesi,Kepulauan Talaud,31.70,32.18,31.92,30.48,29.41,30.90,31.01,30.90,30.54,31.01,29.21,30.35,29.20,29.14,28.31,27.31
7105,Minahasa Selatan,South Minahasa,71,Sulawesi Utara,7,Sulawesi,Minahasa Selatan,39.43,42.37,40.18,38.89,37.63,38.41,38.37,38.18,38.08,37.97,35.67,36.40,35.37,34.48,33.96,32.48
7106,Minahasa Utara,North Minahasa,71,Sulawesi Utara,7,Sulawesi,Minahasa Utara,43.81,43.68,43.20,42.97,41.84,43.03,44.11,44.89,44.00,44.37,41.27,43.08,43.75,41.95,41.46,40.27
7107,Bolaang Mongondow Utara,North Bolaang Mongondow,71,Sulawesi Utara,7,Sulawesi,Bolaang Mongondow Utara,34.55,35.57,33.66,32.89,31.49,31.94,31.91,31.11,30.81,31.27,29.75,29.94,29.13,28.47,28.75,27.53
7108,Siau Tagulandang Biaro,Siau Tagulandang Biaro Islands,71,Sulawesi Utara,7,Sulawesi,Siau Tagulandang Biaro,34.08,34.93,34.67,33.80,32.68,33.54,33.08,32.96,32.88,32.35,30.83,32.34,31.62,31.21,31.03,30.05
7109,Minahasa Tenggara,Southeast Minahasa,71,Sulawesi Utara,7,Sulawesi,Minahasa Tenggara,50.31,53.31,52.18,50.87,47.75,48.78,48.47,48.38,47.67,47.48,45.69,46.02,44.41,42.69,41.91,40.06
7110,Bolaang Mongondow Selatan,South Bolaang Mongondow,71,Sulawesi Utara,7,Sulawesi,Bolaang Mongondow Selatan,30.62,31.82,30.12,29.16,27.52,27.89,28.11,27.07,26.60,26.55,24.65,25.74,25.61,24.80,24.25,23.58
7111,Bolaang Mongondow Timur,East Bolaang Mongondow,71,Sulawesi Utara,7,Sulawesi,Bolaang Mongondow Timur,22.12,22.59,22.35,21.98,21.19,21.65,21.67,21.52,21.54,21.52,20.25,19.78,19.15,18.72,18.54,17.75
7171,Kota Manado,Manado City,71,Sulawesi Utara,7,Sulawesi,Kota Manado,41.07,41.12,38.57,37.81,36.83,36.98,36.36,36.34,34.88,35.65,34.58,36.74,35.54,34.36,33.11,31.74
7172,Kota Bitung,Bitung City,71,Sulawesi Utara,7,Sulawesi,Kota Bitung,35.67,35.53,34.02,33.93,32.66,34.51,35.13,35.61,34.18,34.97,33.39,34.53,33.45,32.48,32.36,31.34
7173,Kota Tomohon,Tomohon City,71,Sulawesi Utara,7,Sulawesi,Kota Tomohon,67.02,70.85,63.83,59.71,57.69,60.49,60.09,58.43,58.45,58.18,54.85,56.53,55.55,52.95,52.03,49.54
7174,Kota Kotamobagu,Kotamobagu City,71,Sulawesi Utara,7,Sulawesi,Kota Kotamobagu,36.15,37.48,34.01,30.58,29.16,30.20,30.38,30.58,30.56,30.79,29.03,29.97,28.67,27.98,26.91,25.94
7201,Banggai Kepulauan,Banggai Islands,72,Sulawesi Tengah,7,Sulawesi,Banggai Kepulauan,35.60,34.94,34.82,34.63,35.19,35.33,35.49,36.15,36.06,39.71,16.04,15.86,15.69,15.31,15.33,14.92
7202,Banggai,Banggai,72,Sulawesi Tengah,7,Sulawesi,Banggai,60.15,63.64,64.89,65.46,63.95,52.24,42.55,40.20,28.66,37.51,23.35,23.92,23.07,22.78,22.81,22.07
7203,Morowali,Morowali,72,Sulawesi Tengah,7,Sulawesi,Morowali,45.13,38.93,34.82,44.49,72.20,55.47,60.55,54.06,28.48,35.51,23.09,48.79,52.84,44.57,39.99,37.38
7204,Poso,Poso,72,Sulawesi Tengah,7,Sulawesi,Poso,42.61,42.44,40.44,41.32,42.67,43.79,45.15,46.96,47.52,48.09,47.31,46.10,46.34,45.02,44.28,40.40
7205,Donggala,Donggala,72,Sulawesi Tengah,7,Sulawesi,Donggala,39.55,32.77,37.97,32.35,32.12,32.54,33.27,33.17,34.48,35.28,35.78,35.65,36.59,35.20,34.24,32.95
7206,Toli-Toli,Tolitoli,72,Sulawesi Tengah,7,Sulawesi,Toli-Toli,23.11,23.84,24.25,25.46,26.18,27.29,28.69,29.14,33.47,36.19,35.11,35.58,36.39,35.65,35.30,34.08
7207,Buol,Buol,72,Sulawesi Tengah,7,Sulawesi,Buol,38.66,38.76,38.65,38.89,38.99,38.47,39.92,39.84,40.47,42.81,38.81,38.36,39.57,38.57,38.02,36.91
7208,Parigi Moutong,Parigi Moutong,72,Sulawesi Tengah,7,Sulawesi,Parigi Moutong,47.77,49.58,49.75,49.94,50.36,50.45,51.72,49.28,55.73,58.00,56.13,56.02,57.60,55.19,53.32,51.36
7209,Tojo Una-Una,Tojo Una-Una,72,Sulawesi Tengah,7,Sulawesi,Tojo Una-Una,19.35,19.62,20.13,21.12,21.73,21.87,22.09,22.26,27.63,27.86,26.53,27.56,28.97,28.09,27.43,25.15
7210,Sigi,Sigi,72,Sulawesi Tengah,7,Sulawesi,Sigi,36.19,35.97,36.70,38.00,39.05,40.10,41.13,40.12,48.66,51.95,51.49,52.13,52.59,53.30,53.33,52.34
7211,Banggai Laut,Banggai Laut,72,Sulawesi Tengah,7,Sulawesi,Banggai Laut,25.47,25.28,25.02,24.65,25.36,24.71,23.90,23.57,30.07,31.58,10.88,11.06,11.47,11.29,11.36,11.30
7212,Morowali Utara,North Morowali,72,Sulawesi Tengah,7,Sulawesi,Morowali Utara,19.66,16.21,15.13,15.44,15.75,24.51,25.49,24.99,23.09,23.46,53.40,94.65,100.37,82.65,74.88,63.90
7271,Kota Palu,Palu City,72,Sulawesi Tengah,7,Sulawesi,Kota Palu,19.82,36.72,38.38,39.47,40.16,41.13,40.39,40.11,40.50,42.64,49.19,49.39,49.35,48.32,46.34,44.89
7301,Kepulauan Selayar,Selayar Islands,73,Sulawesi Selatan,7,Sulawesi,Kepulauan Selayar,40.13,40.79,42.53,44.77,44.73,44.72,45.26,45.69,45.87,43.81,45.41,45.36,45.79,45.68,45.75,44.77
7302,Bulukumba,Bulukumba,73,Sulawesi Selatan,7,Sulawesi,Bulukumba,23.21,23.79,24.89,25.01,24.96,25.54,25.58,26.10,26.73,25.82,26.76,26.54,26.90,27.74,27.75,27.35
7303,Bantaeng,Bantaeng,73,Sulawesi Selatan,7,Sulawesi,Bantaeng,41.73,42.32,44.72,46.15,47.01,47.77,47.94,49.90,50.51,49.44,49.64,50.66,45.23,45.72,45.17,47.73
7304,Jeneponto,Jeneponto,73,Sulawesi Selatan,7,Sulawesi,Jeneponto,30.63,29.99,30.50,30.68,30.68,31.30,31.06,34.13,36.18,36.80,35.93,34.54,35.08,35.17,33.93,33.31
7305,Takalar,Takalar,73,Sulawesi Selatan,7,Sulawesi,Takalar,22.27,21.33,21.67,22.39,22.12,21.97,21.70,21.89,21.78,21.29,21.26,20.68,21.43,21.54,21.46,20.82
7306,Gowa,Gowa,73,Sulawesi Selatan,7,Sulawesi,Gowa,27.87,28.59,29.94,32.19,31.98,32.37,32.23,32.45,31.86,31.15,30.90,30.47,30.78,30.23,30.40,30.01
7307,Sinjai,Sinjai,73,Sulawesi Selatan,7,Sulawesi,Sinjai,32.90,34.31,36.74,38.09,38.73,39.30,39.68,39.74,39.34,38.42,41.17,38.41,36.54,36.31,36.49,35.43
7308,Maros,Maros,73,Sulawesi Selatan,7,Sulawesi,Maros,19.78,19.73,20.15,20.80,21.45,21.17,20.88,21.46,21.19,22.65,27.63,28.11,26.93,25.92,26.01,26.13
7309,Pangkajene dan Kepulauan,Pangkajene Islands,73,Sulawesi Selatan,7,Sulawesi,Pangkajene dan Kepulauan,12.86,13.00,13.95,13.99,13.63,13.64,13.54,13.78,14.38,14.54,15.26,16.11,16.22,16.11,15.74,16.07
7310,Barru,Barru,73,Sulawesi Selatan,7,Sulawesi,Barru,39.83,39.88,41.96,42.92,43.47,44.36,45.34,47.80,48.19,47.29,48.01,48.42,47.89,48.29,49.43,48.43
7311,Bone,Bone,73,Sulawesi Selatan,7,Sulawesi,Bone,30.99,32.12,33.69,35.03,34.39,34.29,33.85,34.04,33.66,33.27,33.89,33.88,34.18,33.99,32.96,32.16
7312,Soppeng,Soppeng,73,Sulawesi Selatan,7,Sulawesi,Soppeng,32.36,33.63,36.29,37.21,37.77,38.79,37.88,38.34,38.32,38.36,38.91,39.31,39.91,40.23,40.85,38.22
7313,Wajo,Wajo,73,Sulawesi Selatan,7,Sulawesi,Wajo,27.15,28.25,30.61,31.57,30.15,30.11,30.29,30.35,30.75,29.88,30.30,29.74,29.11,29.22,28.91,28.76
7314,Sidenreng Rappang,Sidenreng Rappang,73,Sulawesi Selatan,7,Sulawesi,Sidenreng Rappang,36.24,36.61,37.89,39.24,38.20,37.61,37.43,38.22,38.15,38.46,39.91,39.78,38.85,37.96,38.41,37.30
7315,Pinrang,Pinrang,73,Sulawesi Selatan,7,Sulawesi,Pinrang,32.44,33.29,34.53,35.86,35.58,35.69,35.89,36.16,35.69,35.75,36.25,34.86,36.11,36.51,36.26,35.58
7316,Enrekang,Enrekang,73,Sulawesi Selatan,7,Sulawesi,Enrekang,35.57,35.94,37.60,38.90,38.39,39.37,38.62,38.62,39.58,39.09,39.33,38.85,38.89,40.11,38.49,37.07
7317,Luwu,Luwu,73,Sulawesi Selatan,7,Sulawesi,Luwu,32.41,33.72,35.22,35.84,36.24,36.08,35.61,35.78,35.25,35.34,36.36,35.39,35.45,37.23,36.97,36.17
7318,Tana Toraja,Tana Toraja,73,Sulawesi Selatan,7,Sulawesi,Tana Toraja,29.66,30.67,32.38,33.50,33.52,33.69,34.49,34.65,33.60,34.62,33.14,32.80,31.73,32.09,30.92,29.50
7322,Luwu Utara,North Luwu,73,Sulawesi Selatan,7,Sulawesi,Luwu Utara,26.40,26.58,27.63,28.58,27.87,28.83,29.02,31.08,30.78,30.98,30.90,30.14,29.61,30.06,28.60,29.77
7325,Luwu Timur,East Luwu,73,Sulawesi Selatan,7,Sulawesi,Luwu Timur,18.48,20.58,22.27,23.23,22.58,22.54,23.63,24.13,24.62,25.61,26.03,28.21,29.05,28.45,30.10,30.17
7326,Toraja Utara,North Toraja,73,Sulawesi Selatan,7,Sulawesi,Toraja Utara,40.51,40.69,40.91,41.14,40.52,41.61,40.89,40.53,39.69,39.33,39.12,37.80,36.93,36.49,34.86,34.78
7371,Kota Makassar,Makassar City,73,Sulawesi Selatan,7,Sulawesi,Kota Makassar,43.63,43.83,47.34,48.54,49.72,50.15,50.40,50.83,50.14,49.30,50.64,49.56,48.33,47.22,45.85,45.15
7372,Kota Parepare,Parepare City,73,Sulawesi Selatan,7,Sulawesi,Kota Parepare,37.86,38.96,40.70,42.09,42.28,42.12,40.71,39.64,39.45,39.42,39.29,38.32,37.49,36.90,37.48,36.11
7373,Kota Palopo,Palopo City,73,Sulawesi Selatan,7,Sulawesi,Kota Palopo,36.69,38.59,38.97,39.19,38.81,38.72,39.06,38.66,37.69,37.56,37.25,37.14,37.96,38.32,37.68,37.62
7401,Buton,Buton,74,Sulawesi Tenggara,7,Sulawesi,Buton,40.69,38.71,36.64,36.11,36.14,36.10,37.22,37.78,37.63,38.00,37.69,38.20,35.40,34.79,37.78,35.91
7402,Muna,Muna,74,Sulawesi Tenggara,7,Sulawesi,Muna,42.63,41.74,40.61,40.35,36.36,36.11,35.88,36.96,37.10,36.87,36.60,36.32,35.49,34.82,33.11,33.04
7403,Konawe,Konawe,74,Sulawesi Tenggara,7,Sulawesi,Konawe,40.83,39.69,37.77,36.98,37.64,37.22,37.64,38.93,37.31,35.31,31.72,30.84,26.74,22.34,20.92,19.27
7404,Kolaka,Kolaka,74,Sulawesi Tenggara,7,Sulawesi,Kolaka,49.99,45.94,41.15,41.98,52.20,50.48,52.31,50.77,50.25,49.55,49.67,50.54,49.37,48.93,45.87,45.94
7405,Konawe Selatan,South Konawe,74,Sulawesi Tenggara,7,Sulawesi,Konawe Selatan,35.24,34.56,33.05,32.97,35.60,34.55,34.83,35.69,36.23,36.27,36.12,37.43,36.23,36.60,34.45,32.56
7406,Bombana,Bombana,74,Sulawesi Tenggara,7,Sulawesi,Bombana,31.26,30.84,29.23,29.07,30.25,29.41,30.31,30.64,31.15,31.18,31.07,31.82,31.55,30.61,29.94,30.08
7407,Wakatobi,Wakatobi,74,Sulawesi Tenggara,7,Sulawesi,Wakatobi,33.47,32.26,30.46,30.30,30.92,30.39,30.45,31.02,31.02,31.37,31.24,32.02,30.98,31.72,32.05,30.78
7408,Kolaka Utara,North Kolaka,74,Sulawesi Tenggara,7,Sulawesi,Kolaka Utara,43.73,42.32,39.68,38.79,39.43,38.34,38.92,39.97,39.71,39.74,40.10,41.92,40.43,40.36,39.89,38.38
7409,Buton Utara,North Buton,74,Sulawesi Tenggara,7,Sulawesi,Buton Utara,39.44,38.66,37.66,37.27,39.65,40.36,40.88,41.68,41.40,41.42,40.77,42.65,41.84,41.75,39.66,39.62
7410,Konawe Utara,North Konawe,74,Sulawesi Tenggara,7,Sulawesi,Konawe Utara,27.66,26.89,26.05,25.94,28.59,28.12,27.92,28.33,28.29,28.17,28.04,28.55,28.21,28.06,27.46,26.00
7411,Kolaka Timur,East Kolaka,74,Sulawesi Tenggara,7,Sulawesi,Kolaka Timur,#DIV/0!,#DIV/0!,#DIV/0!,40.81,40.02,38.73,38.84,39.64,40.11,40.14,39.58,40.54,38.82,39.49,38.54,38.30
7412,Konawe Kepulauan,Konawe Islands,74,Sulawesi Tenggara,7,Sulawesi,Konawe Kepulauan,#DIV/0!,#DIV/0!,#DIV/0!,34.83,34.00,32.70,33.87,34.42,33.76,33.22,31.82,33.23,31.98,32.38,30.29,28.65
7413,Muna Barat,West Muna,74,Sulawesi Tenggara,7,Sulawesi,Muna Barat,#DIV/0!,#DIV/0!,#DIV/0!,#DIV/0!,51.99,51.81,51.07,52.74,52.61,52.07,50.96,51.56,49.57,50.62,47.77,48.50
7414,Buton Tengah,Central Buton,74,Sulawesi Tenggara,7,Sulawesi,Buton Tengah,#DIV/0!,#DIV/0!,#DIV/0!,#DIV/0!,42.99,43.21,42.85,43.66,43.85,44.38,42.34,43.83,42.33,43.32,41.39,40.47
7415,Buton Selatan,South Buton,74,Sulawesi Tenggara,7,Sulawesi,Buton Selatan,#DIV/0!,#DIV/0!,#DIV/0!,#DIV/0!,40.71,40.17,40.29,40.74,41.24,41.89,41.61,42.97,41.51,41.86,41.10,38.66
7471,Kota Kendari,Kendari City,74,Sulawesi Tenggara,7,Sulawesi,Kota Kendari,48.22,46.10,43.95,42.74,44.06,43.62,43.64,44.20,44.02,43.19,43.27,43.85,42.03,42.09,42.07,41.45
7472,Kota Baubau,Baubau City,74,Sulawesi Tenggara,7,Sulawesi,Kota Baubau,50.46,48.23,46.31,45.36,47.01,45.92,45.53,46.24,46.36,46.77,46.62,47.31,45.46,44.49,42.60,40.80
7501,Boalemo,Boalemo,75,Gorontalo,7,Sulawesi,Boalemo,20.92,21.37,21.63,21.84,22.17,22.82,22.69,22.06,21.61,21.03,21.07,20.89,20.65,20.47,20.76,21.94
7502,Gorontalo,Gorontalo,75,Gorontalo,7,Sulawesi,Gorontalo,38.57,38.87,38.83,38.85,38.94,39.68,39.26,37.66,36.59,35.56,35.21,35.39,34.66,34.66,34.42,34.16
7503,Pohuwato,Pohuwato,75,Gorontalo,7,Sulawesi,Pohuwato,21.07,21.32,21.38,21.49,21.74,22.39,22.29,21.77,21.36,20.82,20.73,20.55,20.33,20.04,19.63,20.56
7504,Bone Bolango,Bone Bolango,75,Gorontalo,7,Sulawesi,Bone Bolango,29.22,29.53,29.68,29.84,29.92,30.44,30.25,29.92,29.39,28.56,28.60,28.60,27.98,27.74,26.94,26.42
7505,Gorontalo Utara,North Gorontalo,75,Gorontalo,7,Sulawesi,Gorontalo Utara,32.53,33.12,33.54,34.19,34.82,35.56,35.01,33.87,33.07,32.12,32.02,31.97,31.68,31.42,30.79,29.35
7571,Kota Gorontalo,Gorontalo City,75,Gorontalo,7,Sulawesi,Kota Gorontalo,35.95,36.20,36.40,36.58,36.79,37.45,36.79,35.64,34.90,34.04,33.71,33.51,33.11,32.67,32.31,32.23
7601,Majene,Majene,76,Sulawesi Barat,7,Sulawesi,Majene,21.87,23.31,23.62,23.95,24.51,25.00,25.63,26.90,26.57,26.33,24.04,25.32,24.48,23.92,24.56,23.05
7602,Polewali Mandar,Polewali Mandar,76,Sulawesi Barat,7,Sulawesi,Polewali Mandar,23.26,25.02,24.85,25.89,25.56,25.51,25.99,26.65,26.53,26.41,24.82,25.28,24.55,23.97,23.52,22.51
7603,Mamasa,Mamasa,76,Sulawesi Barat,7,Sulawesi,Mamasa,20.45,21.84,22.60,23.46,24.48,25.89,27.22,27.66,27.53,27.48,25.36,27.11,26.47,24.96,25.12,24.41
7604,Mamuju,Mamuju,76,Sulawesi Barat,7,Sulawesi,Mamuju,31.01,31.00,29.87,30.21,31.19,30.98,31.53,31.67,31.40,31.59,29.71,31.64,30.46,30.26,29.65,28.29
7605,Mamuju Utara,Pasangkayu,76,Sulawesi Barat,7,Sulawesi,Mamuju Utara,32.11,32.19,31.90,34.28,31.19,30.13,32.99,33.83,33.72,34.15,32.87,33.94,33.98,32.09,32.98,29.54
7606,Mamuju Tengah,Central Mamuju,76,Sulawesi Barat,7,Sulawesi,Mamuju Tengah,#DIV/0!,#DIV/0!,21.52,21.86,23.39,23.55,24.58,25.09,25.02,25.18,24.57,25.27,24.33,24.63,25.28,23.63
8101,Maluku Tenggara Barat,Tanimbar Islands,81,Maluku,8,Maluku,Maluku Tenggara Barat,42.36,47.35,54.36,54.87,55.03,55.98,56.82,57.15,56.59,56.65,56.92,58.12,55.88,53.92,52.68,50.88
8102,Maluku Tenggara,Southeast Maluku,81,Maluku,8,Maluku,Maluku Tenggara,30.88,34.89,39.74,41.41,41.10,40.48,40.27,40.11,40.81,40.13,39.78,39.61,38.08,36.68,35.47,34.20
8103,Maluku Tengah,Central Maluku,81,Maluku,8,Maluku,Maluku Tengah,18.75,20.90,23.67,25.11,24.93,24.35,24.75,24.83,24.87,25.15,24.89,25.17,24.18,23.19,22.62,21.61
8104,Buru,Buru,81,Maluku,8,Maluku,Buru,34.42,38.39,44.25,45.58,45.52,46.05,45.37,46.38,46.21,45.97,44.96,44.63,42.92,41.34,40.38,39.20
8105,Kepulauan Aru,Aru Islands,81,Maluku,8,Maluku,Kepulauan Aru,22.77,25.44,28.62,29.96,29.62,29.77,30.26,31.08,30.95,33.12,32.31,32.04,30.72,29.56,28.74,27.59
8106,Seram Bagian Barat,West Seram,81,Maluku,8,Maluku,Seram Bagian Barat,34.33,38.29,43.69,44.69,45.16,45.46,46.02,46.75,47.71,48.12,48.18,48.76,47.13,45.37,43.94,42.36
8107,Seram Bagian Timur,East Seram,81,Maluku,8,Maluku,Seram Bagian Timur,23.21,25.41,29.63,30.96,29.52,29.00,29.51,30.49,32.82,34.16,33.98,34.42,33.60,32.69,32.25,31.42
8108,Maluku Barat Daya,Southwest Maluku,81,Maluku,8,Maluku,Maluku Barat Daya,31.62,35.58,40.04,40.26,37.77,38.35,38.97,39.67,40.70,41.14,38.18,33.46,30.74,24.90,23.93,23.53
8109,Buru Selatan,South Buru,81,Maluku,8,Maluku,Buru Selatan,33.75,38.41,44.46,46.26,46.07,46.00,47.80,49.46,50.91,51.44,50.35,50.59,48.58,46.67,45.40,44.17
8171,Kota Ambon,Ambon City,81,Maluku,8,Maluku,Kota Ambon,16.56,18.03,20.09,21.68,21.69,21.34,21.06,21.04,21.55,21.72,21.42,21.40,20.52,19.79,19.04,18.33
8172,Kota Tual,Tual City,81,Maluku,8,Maluku,Kota Tual,27.83,30.76,34.66,36.07,36.33,36.44,36.14,36.26,36.87,36.86,36.45,36.30,34.70,33.11,32.18,31.13
8201,Halmahera Barat,West Halmahera,82,Maluku Utara,8,Maluku,Halmahera Barat,19.32,21.23,22.24,22.47,22.39,23.45,24.55,25.27,25.26,22.58,10.65,9.82,13.90,9.57,9.98,9.06
8202,Halmahera Tengah,Central Halmahera,82,Maluku Utara,8,Maluku,Halmahera Tengah,30.34,36.32,39.59,39.78,41.46,45.76,47.04,49.77,42.91,96.55,432.55,200.26,174.40,82.53,81.55,74.14
8203,Kepulauan Sula,Sula Islands,82,Maluku Utara,8,Maluku,Kepulauan Sula,27.99,29.70,30.95,30.37,31.05,31.83,32.22,33.06,29.96,26.11,22.72,16.18,24.94,31.61,28.63,23.88
8204,Halmahera Selatan,South Halmahera,82,Maluku Utara,8,Maluku,Halmahera Selatan,19.91,24.72,26.51,27.71,27.68,30.64,32.94,37.16,30.31,119.05,60.71,47.02,67.81,45.98,46.68,31.97
8205,Halmahera Utara,North Halmahera,82,Maluku Utara,8,Maluku,Halmahera Utara,24.18,28.25,31.60,31.88,30.13,32.09,32.06,32.58,29.77,31.60,33.06,28.05,33.62,22.65,23.00,32.18
8206,Halmahera Timur,East Halmahera,82,Maluku Utara,8,Maluku,Halmahera Timur,32.32,36.42,37.33,37.31,44.15,44.32,45.65,50.88,52.07,53.77,33.54,38.41,36.24,41.80,40.47,28.21
8207,Pulau Morotai,Morotai Island,82,Maluku Utara,8,Maluku,Pulau Morotai,26.87,29.83,30.99,31.71,30.65,30.67,31.29,38.22,36.92,36.18,38.13,39.55,42.69,32.51,31.05,27.55
8208,Pulau Taliabu,Taliabu Island,82,Maluku Utara,8,Maluku,Pulau Taliabu,17.90,21.61,22.80,23.11,22.97,24.09,55.79,37.21,14.19,59.63,11.56,42.12,14.70,14.82,18.11,7.78
8271,Kota Ternate,Ternate City,82,Maluku Utara,8,Maluku,Kota Ternate,17.95,18.78,18.44,17.56,17.65,17.11,17.16,18.16,17.53,16.41,16.68,15.69,24.53,30.60,14.81,11.69
8272,Kota Tidore Kepulauan,Tidore Islands City,82,Maluku Utara,8,Maluku,Kota Tidore Kepulauan,21.27,23.22,23.48,23.36,23.09,23.04,24.07,26.64,26.13,26.11,25.05,24.49,30.91,25.02,24.53,17.55
9101,Fakfak,Fakfak,91,Papua Barat,9,Papua,Fakfak,46.60,46.59,44.10,46.77,43.36,42.81,41.61,40.21,38.76,37.53,37.87,37.45,35.89,35.26,31.15,31.16
9102,Kaimana,Kaimana,91,Papua Barat,9,Papua,Kaimana,31.25,32.61,31.48,32.78,31.22,32.63,33.10,31.58,30.13,29.27,28.85,26.98,24.65,23.04,23.16,23.11
9103,Teluk Bintuni,Teluk Bintuni,91,Papua Barat,9,Papua,Teluk Wondama,30.17,31.63,30.91,34.20,32.80,34.00,33.99,34.04,33.73,32.74,32.59,31.93,31.41,30.58,29.53,29.61
9104,Teluk Bintuni,Teluk Bintuni,91,Papua Barat,9,Papua,Teluk Bintuni,2.04,2.04,2.04,2.24,2.24,2.36,2.37,2.52,2.92,8.80,8.50,8.62,8.03,6.35,4.02,3.43
9105,Manokwari,Manokwari,91,Papua Barat,9,Papua,Manokwari,45.44,47.24,51.47,52.54,49.17,49.27,50.36,47.70,45.81,40.23,40.06,39.16,35.22,23.18,25.75,23.50
9204,Manokwari Selatan,South Manokwari,92,Papua Barat Daya,9,Papua,Manokwari Selatan,#DIV/0!,#DIV/0!,6.14,6.58,6.65,6.84,6.65,6.56,6.57,6.05,6.48,6.95,6.80,6.48,5.98,5.94
9205,Pegunungan Arfak,Pegunungan Arfak,92,Papua Barat Daya,9,Papua,Pegunungan Arfak,#DIV/0!,#DIV/0!,12.22,12.77,13.42,13.68,13.74,13.72,12.96,13.21,12.51,20.61,30.01,31.87,29.67,28.09
9201,Raja Ampat,Raja Ampat,92,Papua Barat Daya,9,Papua,Raja Ampat,10.95,12.88,12.76,13.97,13.72,14.93,15.20,15.59,15.57,15.28,14.58,13.71,12.43,11.44,10.94,10.53
9112,Sorong,Sorong,91,Papua Barat,9,Papua,Sorong,13.49,13.97,14.34,15.13,14.93,15.89,16.70,17.12,17.63,17.80,17.68,16.63,16.15,15.46,14.92,14.39
9111,Sorong Selatan,South Sorong,91,Papua Barat,9,Papua,Sorong Selatan,36.25,36.62,36.97,39.29,37.28,38.46,37.83,37.52,37.05,36.16,36.05,32.95,32.04,28.81,24.72,23.23
9203,Maybrat,Maybrat,92,Papua Barat Daya,9,Papua,Maybrat,23.26,24.06,23.61,25.89,25.33,26.04,25.11,24.47,24.05,23.95,23.86,24.31,24.23,20.99,20.93,18.84
9202,Tambrauw,Tambrauw,92,Papua Barat Daya,9,Papua,Tambrauw,26.68,26.89,27.19,27.93,26.97,26.82,26.87,26.70,26.30,26.09,25.50,25.59,25.65,22.35,20.54,20.53
9271,Kota Sorong,Sorong City,92,Papua Barat Daya,9,Papua,Kota Sorong,32.39,33.20,31.59,32.37,30.56,31.92,30.45,29.56,28.19,22.27,20.14,20.94,16.42,14.59,14.77,14.16
9409,Jayapura,Jayapura,94,Papua,9,Papua,Jayapura,26.77,24.59,24.28,23.63,23.15,22.31,21.84,22.42,22.62,22.94,24.45,25.64,25.14,25.31,25.15,24.30
9420,Kepulauan Yapen,Yapen Islands,94,Papua,9,Papua,Kepulauan Yapen,22.52,22.52,22.53,22.45,22.81,22.93,23.08,23.14,23.19,22.84,23.43,23.04,22.16,21.60,21.09,20.45
9426,Biak Numfor,Biak Numfor,94,Papua,9,Papua,Biak Numfor,19.65,19.70,18.92,19.13,19.49,19.43,19.98,16.42,17.35,17.30,16.36,17.35,17.14,17.26,17.33,16.88
9603,Sarmi,Sarmi,96,Papua Tengah,9,Papua,Sarmi,42.67,42.62,43.45,43.90,44.81,44.67,44.24,42.96,43.49,43.61,44.97,45.78,46.60,46.49,45.52,44.24
9604,Keerom,Keerom,96,Papua Tengah,9,Papua,Keerom,51.67,51.39,49.92,49.10,49.29,49.04,49.06,49.18,49.64,50.12,49.86,49.81,49.57,49.55,49.33,47.81
9605,Waropen,Waropen,96,Papua Tengah,9,Papua,Waropen,51.03,49.59,47.13,45.81,45.36,44.99,44.85,45.12,45.24,44.67,44.39,46.18,45.71,44.28,44.16,42.97
9606,Supiori,Supiori,96,Papua Tengah,9,Papua,Supiori,46.67,46.53,43.88,45.50,46.20,46.86,47.77,48.96,50.73,51.76,53.85,61.61,60.92,61.66,60.76,59.70
9607,Mamberamo Raya,Mamberamo Raya,96,Papua Tengah,9,Papua,Mamberamo Raya,55.58,53.44,51.06,50.68,50.23,49.12,48.64,48.13,48.44,48.74,47.21,47.68,47.86,48.37,47.68,46.69
9708,Kota Jayapura,Jayapura City,97,Papua Pegunungan,9,Papua,Kota Jayapura,61.32,59.16,56.02,54.78,43.64,43.58,43.42,42.82,41.83,41.75,43.19,44.47,43.72,42.84,42.06,40.61
9403,Merauke,Merauke,94,Papua,9,Papua,Merauke,30.35,30.54,29.57,29.45,29.61,29.05,28.56,28.37,27.61,26.90,27.19,29.03,29.76,29.65,29.61,29.38
9501,Boven Digoel,Boven Digoel,95,Papua Selatan,9,Papua,Boven Digoel,53.19,54.67,54.19,54.80,25.41,26.09,26.67,27.41,28.66,29.73,30.42,31.79,31.79,32.24,32.26,31.60
9502,Mappi,Mappi,95,Papua Selatan,9,Papua,Mappi,44.31,45.22,45.35,46.31,46.73,47.19,47.51,48.35,49.61,50.27,48.38,51.64,51.80,52.68,53.10,52.74
9503,Asmat,Asmat,95,Papua Selatan,9,Papua,Asmat,48.45,47.85,46.75,47.66,49.10,48.74,49.05,49.32,49.54,50.43,50.86,54.41,53.46,53.63,52.14,51.21
9471,Mimika,Mimika,94,Papua,9,Papua,Mimika,7.80,9.98,10.99,10.85,16.98,17.10,16.06,16.04,15.61,26.74,23.17,19.50,16.85,16.14,15.71,20.89
9705,Dogiyai,Dogiyai,96,Papua Tengah,9,Papua,Dogiyai,44.08,43.07,41.54,41.06,41.06,40.97,41.03,42.03,42.54,42.71,43.86,44.37,45.58,45.85,45.78,45.53
9707,Deiyai,Deiyai,97,Papua Pegunungan,9,Papua,Deiyai,60.87,54.81,53.17,51.55,50.57,49.47,49.96,48.84,50.84,50.79,52.18,53.83,53.54,53.65,53.80,51.82
9419,Nabire,Nabire,94,Papua,9,Papua,Nabire,21.63,21.90,21.26,20.73,21.19,21.25,21.66,22.03,21.89,21.66,22.11,23.53,24.73,24.73,24.41,24.59
9427,Paniai,Paniai,94,Papua,9,Papua,Paniai,35.36,36.37,35.96,36.06,36.32,35.23,35.27,35.61,35.40,35.97,37.10,38.00,39.73,39.43,39.48,38.03
9706,Intan Jaya,Intan Jaya,97,Papua Pegunungan,9,Papua,Intan Jaya,59.20,50.96,45.81,44.47,43.82,43.28,43.95,44.87,45.70,46.53,47.37,49.51,51.77,51.49,51.26,51.47
9704,Puncak,Puncak,97,Papua Pegunungan,9,Papua,Puncak,53.61,54.55,53.57,52.85,52.42,50.71,50.67,50.45,50.47,50.91,53.42,60.40,59.65,59.97,60.32,59.56
9428,Puncak Jaya,Puncak Jaya,94,Papua,9,Papua,Puncak Jaya,33.64,35.00,34.84,35.82,37.16,38.00,39.90,39.73,40.06,39.94,40.93,44.47,44.39,44.20,44.38,42.65
9608,Nduga,Nduga,96,Papua Tengah,9,Papua,Nduga,55.36,51.83,47.55,46.27,45.93,45.98,46.64,45.76,46.63,47.74,49.84,54.55,57.53,57.43,56.79,55.95
9408,Jayawijaya,Jayawijaya,94,Papua,9,Papua,Jayawijaya,34.95,35.19,34.29,33.92,34.41,35.19,36.27,40.10,45.92,48.55,50.73,52.94,50.51,49.30,48.98,47.33
9701,Lanny Jaya,Lanny Jaya,97,Papua Pegunungan,9,Papua,Lanny Jaya,59.98,49.06,43.78,43.75,44.47,44.77,45.27,46.00,46.95,47.96,49.34,53.02,52.67,51.70,50.11,47.99
9602,Tolikara,Tolikara,96,Papua Tengah,9,Papua,Tolikara,39.84,39.92,41.80,42.40,43.39,45.09,46.49,48.28,48.18,48.29,48.83,50.26,49.70,49.16,48.73,47.10
9702,Mamberamo Tengah,Central Mamberamo,97,Papua Pegunungan,9,Papua,Mamberamo Tengah,54.92,53.03,48.11,46.98,46.99,47.41,48.18,47.67,47.97,48.09,49.01,53.88,55.93,55.08,54.84,52.46
9703,Yalimo,Yalimo,97,Papua Pegunungan,9,Papua,Yalimo,57.63,56.14,52.27,49.99,49.44,49.43,49.96,51.18,51.58,51.95,53.59,58.34,57.24,56.30,56.48,54.45
9504,Yahukimo,Yahukimo,95,Papua Selatan,9,Papua,Yahukimo,58.78,55.93,52.25,53.02,54.01,53.87,54.72,54.21,55.89,56.11,57.37,59.95,59.62,59.59,59.39,57.85
9601,Pegunungan Bintang,Pegunungan Bintang,96,Papua Tengah,9,Papua,Pegunungan Bintang,38.47,39.10,38.98,39.77,40.50,40.65,40.51,40.40,40.18,39.56,40.16,40.73,41.32,41.10,40.68,39.17