districtID,district_bahasa,district_en,provinceID,province,islandID,island,district_bahasa,gs_2010,gs_2011,gs_2012,gs_2013,gs_2014,gs_2015,gs_2016,gs_2017,gs_2018,gs_2019,gs_2020,gs_2021,gs_2022,gs_2023,gs_2024,gs_2025
1101,Simeulue,Simeulue,11,Aceh,1,Sumatera,Simeulue,388.63,404.25,435.52,452.38,475.83,499.43,504.32,515.02,526.79,540.36,487.92,500.97,487.78,486.73,485.57,443.35
1102,Aceh Singkil,Aceh Singkil,11,Aceh,1,Sumatera,Aceh Singkil,496.41,499.27,516.24,531.72,523.9,535.33,537.31,538.29,542.88,550.35,501.41,532.09,520.77,524.81,569.1,514.56
1103,Aceh Selatan,South Aceh,11,Aceh,1,Sumatera,Aceh Selatan,622.84,637.63,695.34,740.35,753.64,755.86,756.36,773.24,781.27,821.59,721.99,764.77,713.58,701,728.83,660.18
1104,Aceh Tenggara,Southeast Aceh,11,Aceh,1,Sumatera,Aceh Tenggara,664.19,684.67,680.65,718.12,744.2,780.3,788,775.47,768.49,839.55,789.21,823.51,822.79,776.39,852.3,780.89
1105,Aceh Timur,East Aceh,11,Aceh,1,Sumatera,Aceh Timur,862.03,877.64,906.15,936.99,990.87,1005.47,1006.37,1015.83,1003.87,1033.48,957.88,990.93,916.7,910.23,1008.55,938.46
1106,Aceh Tengah,Central Aceh,11,Aceh,1,Sumatera,Aceh Tengah,650.4,673.63,702.88,751.74,801.97,853.75,854.69,858.96,874.09,915.29,804.75,836.81,796.38,793.54,900.38,898.85
1107,Aceh Barat,West Aceh,11,Aceh,1,Sumatera,Aceh Barat,625.26,635.9,651.52,667.61,702.94,753.44,726.28,751.03,762.74,810.04,748.95,778.54,755.27,789.71,836.61,818.14
1108,Aceh Besar,Aceh Besar,11,Aceh,1,Sumatera,Aceh Besar,996.87,1017.79,1092.67,1165.98,1206.81,1245.74,1197.63,1225.96,1236.8,1332.85,1260.26,1355.09,1346.06,1301.99,1425.24,1308.89
1109,Pidie,Pidie,11,Aceh,1,Sumatera,Pidie,1068.62,1117.19,1166.14,1243.2,1295.64,1346.8,1348,1365.4,1367.77,1410.96,1307.67,1401.71,1393.93,1349.09,1444.37,1378.67
1110,Bireuen,Bireuen,11,Aceh,1,Sumatera,Bireuen,820.03,863.27,921.56,995.04,1068.53,1136.51,1138.94,1163.52,1182.38,1222.48,1136.66,1173.29,1129.19,1108.02,1216.03,1231.62
1111,Aceh Utara,North Aceh,11,Aceh,1,Sumatera,Aceh Utara,1771.48,1802.38,1891.33,1959.54,2008.74,2124.64,2072.16,2102.05,2144.59,2221.18,2039.63,2040.61,2042.19,2020.75,2120.71,2183.75
1112,Aceh Barat Daya,Southwest Aceh,11,Aceh,1,Sumatera,Aceh Barat Daya,404.16,428.83,449.91,476.79,503.82,528.74,530.85,542.56,552.35,589.01,530.49,559.67,522.04,519.65,553.26,503.03
1113,Gayo Lues,Gayo Lues,11,Aceh,1,Sumatera,Gayo Lues,394.94,419.9,444.84,500.76,500.83,519.99,493.6,506.64,514.43,539.18,496.7,511.26,485.16,483.15,506.77,477.94
1114,Aceh Tamiang,Aceh Tamiang,11,Aceh,1,Sumatera,Aceh Tamiang,560.77,567.77,602.98,633.9,659.63,694.59,672.65,688.55,690.36,710.91,663.95,695.34,686.22,660.64,686.26,656.3
1115,Nagan Raya,Nagan Raya,11,Aceh,1,Sumatera,Nagan Raya,537.29,556.38,578.54,591.71,617.72,645.95,649.31,655.84,661.59,707.89,646.5,662.4,627.15,662.16,709.54,657.03
1116,Aceh Jaya,Aceh Jaya,11,Aceh,1,Sumatera,Aceh Jaya,446.08,453.84,490.14,519.55,553.5,560.54,572.98,579.15,582.35,604.21,567.91,595.02,562.9,555.38,594.83,594.99
1117,Bener Meriah,Bener Meriah,11,Aceh,1,Sumatera,Bener Meriah,474.83,498.36,518.82,561.95,590.75,632.19,592.9,612.71,631.67,655.45,628.12,653.12,643.12,647.79,673.89,636.64
1118,Pidie Jaya,Pidie Jaya,11,Aceh,1,Sumatera,Pidie Jaya,351.54,373.12,394.97,418.27,447.66,468.38,477.69,489.2,498.73,525.42,487.93,528.64,525.76,506.88,550.93,517.48
1171,Kota Banda Aceh,Banda Aceh City,11,Aceh,1,Sumatera,Kota Banda Aceh,5290.89,5320.21,5733.05,6004.8,6288.72,6602.29,5077.27,5245.82,5346.35,5659.32,5271.88,5427.29,5110.77,5161.62,5951.47,6050.61
1172,Kota Sabang,Sabang City,11,Aceh,1,Sumatera,Kota Sabang,572.15,587.21,629.81,663.4,673.17,711.56,694.34,709.78,693.59,699.96,629.59,636.48,602.76,604.64,603.26,580.76
1173,Kota Langsa,Langsa City,11,Aceh,1,Sumatera,Kota Langsa,518.35,533.59,564.7,594.74,629.65,672.62,677.72,682.67,679.49,697.64,627.28,653.72,612.44,634.78,694.43,652.09
1174,Kota Lhokseumawe,Lhokseumawe City,11,Aceh,1,Sumatera,Kota Lhokseumawe,805.16,818.73,852.66,901.42,923.75,966.7,806.99,812.42,828.06,886.22,835.94,880.76,832.65,844.56,954.66,1006.84
1175,Kota Subulussalam,Subulussalam City,11,Aceh,1,Sumatera,Kota Subulussalam,249.27,273.2,286.31,302.86,320.4,337.32,337.64,350.54,357.52,386.17,370.18,384.87,375.57,370.47,397.62,360.71
1201,Nias,Nias,12,Sumatera Utara,1,Sumatera,Nias,375.75,392.28,408.34,431.07,454.82,473.55,501.72,529.32,558.99,587.57,598.06,597.35,600.07,645.01,657.11,659.29
1202,Mandailing Natal,Mandailing Natal,12,Sumatera Utara,1,Sumatera,Mandailing Natal,1023.33,1086.47,1156.12,1232.32,1323.28,1417.88,1443.74,1492.62,1511.96,1519.39,1487.33,1541.42,1533.05,1607.57,1673.78,1556.76
1203,Tapanuli Selatan,South Tapanuli,12,Sumatera Utara,1,Sumatera,Tapanuli Selatan,622.33,681.31,733.45,794.93,844.26,884.51,926.26,975.17,982.79,999.47,985.08,967.55,995.22,1052.68,1102.73,1141.89
1204,Tapanuli Tengah,Central Tapanuli,12,Sumatera Utara,1,Sumatera,Tapanuli Tengah,670.9,682.39,698.26,715.33,734.05,757.32,768.08,785.83,800.68,804.18,803.08,787.72,784.22,758.28,818.07,815.68
1205,Tapanuli Utara,North Tapanuli,12,Sumatera Utara,1,Sumatera,Tapanuli Utara,768.92,772.8,784.28,811.94,836.79,863.67,884.69,894.52,911.15,914.59,906.99,914.57,913.2,955.7,1000.57,1011.9
1206,Toba Samosir,Toba Samosir,12,Sumatera Utara,1,Sumatera,Toba Samosir,635.42,661.23,698.74,725.44,754.35,782.15,794.23,813.12,832.41,843.72,841.79,841.45,849.81,880.27,908.08,914.55
1207,Labuhan Batu,Labuhan Batu,12,Sumatera Utara,1,Sumatera,Labuhan Batu,737.51,761.99,790.61,800.73,807.25,845.69,866.41,897.18,906.39,912.42,884.68,910.03,892.01,930.77,949.13,933.07
1208,Asahan,Asahan,12,Sumatera Utara,1,Sumatera,Asahan,1118.04,1119.58,1129.21,1337.37,1453.45,1503.68,1523.47,1588.54,1677.69,1685.09,1651.54,1649.3,1638,1689.93,1742.99,1798.98
1209,Simalungun,Simalungun,12,Sumatera Utara,1,Sumatera,Simalungun,1787.37,1827.88,1873.22,1722.66,1727.13,1751.15,1762.85,1782.93,1794.16,1845.22,1704.06,1732.4,1784.19,1921.63,1967.2,2010.08
1210,Dairi,Dairi,12,Sumatera Utara,1,Sumatera,Dairi,643.44,669.87,709.02,747.88,758.17,781.15,811.45,849.31,900.15,916.78,901.29,896.12,900.04,923.15,940.71,940.65
1211,Karo,Karo,12,Sumatera Utara,1,Sumatera,Karo,800.16,861.63,909.18,977.6,1008.15,1028.67,1024.15,1091.71,1123.42,1130.13,1127.02,1111.95,1120.61,1147.55,1152.7,1074.85
1212,Deli Serdang,Deli Serdang,12,Sumatera Utara,1,Sumatera,Deli Serdang,1855.99,1989.66,2066.95,2091.83,2122.3,2160.96,2120.47,2224.23,2291.42,2298.1,2288.11,2282.96,2315.25,2440.97,2635.67,2673.24
1213,Langkat,Langkat,12,Sumatera Utara,1,Sumatera,Langkat,1687.79,1732.82,1801.49,1823.1,1866.52,1916.07,1871.51,1925.08,1940.9,1956.81,1940.93,1994.21,1990.94,2120.26,2288.58,2281.66
1214,Nias Selatan,South Nias,12,Sumatera Utara,1,Sumatera,Nias Selatan,572.47,587.62,613,663.46,718.96,775.24,845.96,901.04,961.83,1031.86,1045.17,1041.04,1038.43,1059.28,1098,1089.51
1215,Humbang Hasundutan,Humbang Hasundutan,12,Sumatera Utara,1,Sumatera,Humbang Hasundutan,538.96,562.94,597.33,620.57,652.77,675.45,702.7,723.65,755.52,765.09,758.34,757.86,761.39,770.98,816.59,821.77
1216,Pakpak Bharat,Pakpak Bharat,12,Sumatera Utara,1,Sumatera,Pakpak Bharat,162.39,168,174.62,181.54,188.81,194.36,200.34,211.52,221.08,222.27,221.82,231.76,231.76,249.36,259.64,277.05
1217,Samosir,Samosir,12,Sumatera Utara,1,Sumatera,Samosir,458.18,491.77,520.13,533.31,549.28,583.5,612.52,653.98,679.97,694.76,692.47,698.09,697.81,717.87,727.51,739.57
1218,Serdang Bedagai,Serdang Bedagai,12,Sumatera Utara,1,Sumatera,Serdang Bedagai,934.92,1069.03,1130.75,1135.37,1179.53,1224.66,1242.01,1313.94,1409.7,1418.85,1411.4,1464.11,1460.89,1348.71,1464.83,1481.82
1219,Batu Bara,Batu Bara,12,Sumatera Utara,1,Sumatera,Batu Bara,688.44,903.61,926.86,958.63,968.88,1024.12,1051.9,1114.7,1198.39,1208.37,1206.03,1202.06,1200.14,1238.7,1306.15,1308.06
1220,Padang Lawas Utara,North Padang Lawas,12,Sumatera Utara,1,Sumatera,Padang Lawas Utara,455.69,478.9,508.12,538.6,571.07,593.91,611.75,637.04,671.63,675.27,670.27,699.8,695.15,686.19,700.52,703.83
1221,Padang Lawas,Padang Lawas,12,Sumatera Utara,1,Sumatera,Padang Lawas,421.52,440.62,458.46,482.32,510.95,547.19,569.88,592.92,628.68,630.82,608.86,607.74,620.4,607.67,633.86,618.78
1222,Labuhan Batu Selatan,South Labuhanbatu,12,Sumatera Utara,1,Sumatera,Labuhan Batu Selatan,407.55,467.31,485.15,546.53,619.37,640.77,662.17,690.38,719.32,726.31,704.66,728.32,728.06,751.25,781.32,801.61
1223,Labuhan Batu Utara,North Labuhanbatu,12,Sumatera Utara,1,Sumatera,Labuhan Batu Utara,548.21,582.82,619.4,656.41,694.54,731.99,739.43,774.43,785.9,799.45,788.51,811.48,803.79,837.96,858.07,862.99
1224,Nias Utara,North Nias,12,Sumatera Utara,1,Sumatera,Nias Utara,195.78,220.14,254.23,292.33,329.55,359.31,385.06,421.59,459.14,500.39,508.47,508.35,511.14,520.81,558.13,579.58
1225,Nias Barat,West Nias,12,Sumatera Utara,1,Sumatera,Nias Barat,131.59,152.87,179.29,207.1,229.11,248.07,256.73,269.19,285.47,302.29,307.29,307.23,313.11,326.8,341.89,336.77
1271,Kota Sibolga,Sibolga City,12,Sumatera Utara,1,Sumatera,Kota Sibolga,427.93,433.41,438.56,439.71,449.5,467.81,485.2,502.58,514.96,519.12,510.61,510.16,525.38,541.31,555.04,580.67
1272,Kota Tanjung Balai,Tanjung Balai City,12,Sumatera Utara,1,Sumatera,Kota Tanjung Balai,479.37,500.66,525.34,548.59,568.82,587.99,589.6,610.6,624.65,629.83,602.53,580.65,598.06,657.77,662.49,656.83
1273,Kota Pematang Siantar,Pematang Siantar City,12,Sumatera Utara,1,Sumatera,Kota Pematang Siantar,672.36,718.22,765.09,813.41,870.18,893.85,895.21,934.67,966.55,973.74,969.33,978.54,978.18,1038.51,1100.74,1114.63
1274,Kota Tebing Tinggi,Tebing Tinggi City,12,Sumatera Utara,1,Sumatera,Kota Tebing Tinggi,424.35,445.12,471.21,493.63,521.13,545.31,564.13,585.94,624.14,625.96,623.16,641.16,632.57,659.64,665.87,672.98
1275,Kota Medan,Medan City,12,Sumatera Utara,1,Sumatera,Kota Medan,4131.01,4206.15,4281.74,4356.43,4571.89,4694.68,4593.36,4833.55,5286,5304.15,5194.42,5415.58,5213.43,5285.6,5479.83,5442.96
1276,Kota Binjai,Binjai City,12,Sumatera Utara,1,Sumatera,Kota Binjai,574.12,572.68,574.14,574.43,575.45,577.16,577.3,578.42,594.95,605.63,652.98,672.61,668.81,690.14,751.93,768.23
1277,Kota Padangsidimpuan,Padangsidempuan City,12,Sumatera Utara,1,Sumatera,Kota Padangsidimpuan,561.73,617.11,702.44,717.08,736.52,763.84,759.95,805.84,824.6,830.24,829.63,829.29,819.74,837.12,858.08,856.16
1278,Kota Gunungsitoli,Gunungsitoli City,12,Sumatera Utara,1,Sumatera,Kota Gunungsitoli,194.11,205.76,218.25,231.57,247.04,262.84,273.36,285.11,298.66,314.76,309.28,309.21,308.96,326.45,334.75,333.05
1301,Kepulauan Mentawai,Mentawai Islands,13,Sumatera Barat,1,Sumatera,Kepulauan Mentawai,388.59,393.84,405.37,420.82,432.13,473.74,474.33,475.34,495.45,520.55,473.89,479.94,474.27,474.68,482.69,480.26
1302,Pesisir Selatan,South Pesisir,13,Sumatera Barat,1,Sumatera,Pesisir Selatan,809.7,821.48,844.7,879.73,900.2,981.59,990.68,983.46,1027.55,1080.2,984.4,985.33,965.68,966.78,977.36,964.66
1303,Solok,Solok,13,Sumatera Barat,1,Sumatera,Solok,712.88,723.55,750.5,794.27,801.43,872.59,876.62,878.82,917.57,965.16,878.45,880.76,877.49,894.69,902.94,886.8
1304,Sijunjung,Sijunjung,13,Sumatera Barat,1,Sumatera,Sijunjung,473.51,482.22,494.05,520.42,526.92,575.19,581.58,582.51,605.04,634.07,572.45,579.25,565.56,581.12,581.44,573.2
1305,Tanah Datar,Tanah Datar,13,Sumatera Barat,1,Sumatera,Tanah Datar,777.35,790.07,812.6,843.61,867.3,935.18,936.71,933.43,972.42,1022.18,928.88,934.38,934.27,941.33,959.77,941.2
1306,Padang Pariaman,Padang Pariaman,13,Sumatera Barat,1,Sumatera,Padang Pariaman,855.53,868.69,899.73,946.02,959.28,1049.98,1062.93,1066.42,1103.89,1150.72,1048.91,1088.62,1048.73,1064.96,1084,1069.56
1307,Agam,Agam,13,Sumatera Barat,1,Sumatera,Agam,839.08,855.41,875.54,924.93,938.07,1022.55,1030.66,1016.14,1047.19,1087.5,986.25,994.67,972.98,992.7,1009.1,990.89
1308,Lima Puluh Kota,Lima Puluh Kota,13,Sumatera Barat,1,Sumatera,Lima Puluh Kota,690.31,704.41,720.63,759.91,776.35,857.34,863.15,852.81,890.01,937.18,851.6,863.13,846.12,848,858.45,856.08
1309,Pasaman,Pasaman,13,Sumatera Barat,1,Sumatera,Pasaman,519.66,530.36,544.82,575.91,588.13,642.69,652.02,647.68,675.99,707.68,643.8,644.78,640.58,650.34,657.12,643.85
1310,Solok Selatan,South Solok,13,Sumatera Barat,1,Sumatera,Solok Selatan,313.43,320.18,330.7,347.61,360.99,398.97,401.19,401.58,421.89,445.43,405.38,401.61,391.13,393.76,393.8,377.23
1311,Dharmasraya,Dharmasraya,13,Sumatera Barat,1,Sumatera,Dharmasraya,466.98,475.53,485.77,506.52,510.77,559.64,565.72,563.6,586.4,613.88,560.96,577.67,597.21,606.3,623.86,619.02
1312,Pasaman Barat,West Pasaman,13,Sumatera Barat,1,Sumatera,Pasaman Barat,681.05,692.63,717.37,759.26,764.57,844.5,855.13,848.72,884.82,930.82,847.5,851.57,834.97,838.24,852.3,843.98
1371,Kota Padang,Padang City,13,Sumatera Barat,1,Sumatera,Kota Padang,4485.1,4537.23,4688.13,4907.56,5038.89,5461.27,5506.23,5553.92,5811.25,6168.21,5661.64,5595.2,5250.02,5290.13,5328.28,5087.06
1372,Kota Solok,Solok City,13,Sumatera Barat,1,Sumatera,Kota Solok,336.75,344.25,355.85,375.32,377.53,409.86,410.9,411.56,428.49,448.62,408.42,412.64,406.77,412.34,413.83,408.97
1373,Kota Sawah Lunto,Sawahlunto City,13,Sumatera Barat,1,Sumatera,Kota Sawah Lunto,338.17,343.78,351.75,365.91,375.89,413.94,416.03,411.26,429.01,448.19,406.04,416.59,403.8,403.83,410.72,410.24
1374,Kota Padang Panjang,Padang Panjang City,13,Sumatera Barat,1,Sumatera,Kota Padang Panjang,322.95,327.25,336.32,351.69,360.35,399.05,399.51,393.43,408.29,425.91,385.59,388.3,383.16,384.14,384.38,380.38
1375,Kota Bukittinggi,Bukittinggi City,13,Sumatera Barat,1,Sumatera,Kota Bukittinggi,544.34,551.88,572.55,599.19,620.4,676.48,681.17,676.98,709.14,751.14,702,708.91,681.24,682.37,685.38,672.68
1376,Kota Payakumbuh,Payakumbuh City,13,Sumatera Barat,1,Sumatera,Kota Payakumbuh,410.17,418.84,430.95,451.82,456.47,505.14,510.09,513.22,535.31,560.91,514.84,528.02,508.06,531.93,540.69,535.57
1377,Kota Pariaman,Pariaman City,13,Sumatera Barat,1,Sumatera,Kota Pariaman,332.56,340.45,349.39,365.28,379.84,413.7,418.5,419.05,430.82,450.5,410.53,417.78,411.07,413.44,415.05,414.27
1401,Kuantan Singingi,Kuantan Singingi,14,Riau,1,Sumatera,Kuantan Singingi,720.73,783.07,793.9,839.05,819.25,848.86,858.07,860.45,860.88,871.47,785.98,738.58,749.96,768.85,804.61,779.38
1402,Indragiri Hulu,Indragiri Hulu,14,Riau,1,Sumatera,Indragiri Hulu,810.59,857.82,870.42,922.57,917.47,948.69,970.29,979.02,980.5,1023.91,940.77,952.44,973.02,954.64,988.1,988.43
1403,Indragiri Hilir,Indragiri Hilir,14,Riau,1,Sumatera,Indragiri Hilir,1086.42,1130.24,1144.81,1195.19,1170.11,1201.82,1221.17,1225.01,1237.26,1266,1157.36,1158.41,1177.4,1238.33,1303.05,1304.81
1404,Pelalawan,Pelalawan,14,Riau,1,Sumatera,Pelalawan,668.09,707.52,715.33,768.31,759.16,783.49,800.57,807.93,809.61,843.05,767.49,770.49,802.71,863.79,909.63,909.8
1405,Siak,Siak,14,Riau,1,Sumatera,Siak,1045.38,1114.24,1132.29,1240.37,1211.8,1254.36,1278.84,1289.3,1291.49,1335.92,1240.68,1250.97,1307.99,1410.39,1510.39,1473.04
1406,Kampar,Kampar,14,Riau,1,Sumatera,Kampar,1375.25,1468.25,1481.32,1609.11,1616.95,1706.49,1739.32,1797.11,1846.57,1928.07,1737.68,1637.73,1652.53,1739.42,1869.45,1871.99
1407,Rokan Hulu,Rokan Hulu,14,Riau,1,Sumatera,Rokan Hulu,776.02,813.5,824.16,883.99,880.35,910.16,930.25,935.98,940.38,966.05,877.85,830.27,839.24,838.89,885.08,900.81
1408,Bengkalis,Bengkalis,14,Riau,1,Sumatera,Bengkalis,1574.99,1717.42,1737.05,1857.43,1802.45,1919.66,1954.45,1962.9,1974.65,2025.88,1761.74,1651.43,1778.78,1900.2,1873.34,1908.55
1409,Rokan Hilir,Rokan Hilir,14,Riau,1,Sumatera,Rokan Hilir,1040.9,1103.24,1114.82,1166.06,1141.97,1164.81,1184.74,1192.56,1203.69,1299.27,1189.95,1128.28,1156.77,1225.66,1315.27,1297.19
1410,Kepulauan Meranti,Meranti Islands,14,Riau,1,Sumatera,Kepulauan Meranti,322.72,344.34,348.94,365.26,364.91,372.43,375.45,384.55,400.4,413.81,376.03,367.58,379.48,395.05,424.18,425.67
1471,Kota Pekanbaru,Pekanbaru City,14,Riau,1,Sumatera,Kota Pekanbaru,5216.13,5506.29,5537.98,6005.83,5868.76,5971.46,5746.33,5786.55,5813.75,5964.91,5474.18,5225.48,5490.7,5686.82,5872.41,5795.05
1473,Kota Dumai,Dumai City,14,Riau,1,Sumatera,Kota Dumai,1280.3,1334.7,1343.36,1415.62,1388.52,1410.13,1422.44,1429.07,1435.92,1465.07,1358.88,1393.21,1494.79,1636.16,1725.67,1688.17
1501,Kerinci,Kerinci,15,Jambi,1,Sumatera,Kerinci,550.85,570.85,606.98,632.05,641.78,655.98,643.73,690.87,747.79,818.38,773.63,783.99,798.1,815.06,829.78,777.21
1502,Merangin,Merangin,15,Jambi,1,Sumatera,Merangin,546.21,565.81,600.61,640.07,660.43,683.69,679.84,700.57,720.52,780.5,744.13,752.53,764.12,778.15,834.07,832.54
1503,Sarolangun,Sarolangun,15,Jambi,1,Sumatera,Sarolangun,457.74,476.01,507.28,533.46,552.34,571.08,563.37,582.36,609.85,641.42,603.06,608.51,618.08,636.21,676.3,648.12
1504,Batang Hari,Batang Hari,15,Jambi,1,Sumatera,Batang Hari,494.29,515.35,565.35,591.13,612.05,624.16,602.92,679.87,712.1,754.32,719.7,725.39,734.6,746.35,818.35,751.6
1505,Muaro Jambi,Muaro Jambi,15,Jambi,1,Sumatera,Muaro Jambi,868.42,888.91,945.18,982.99,1007.95,1009.89,981.04,1002.77,1055.14,1146.66,1085.37,1062.27,1073.48,1085.47,1094.54,1042.6
1506,Tanjung Jabung Timur,East Tanjung Jabung,15,Jambi,1,Sumatera,Tanjung Jabung Timur,566.8,610.78,649.26,726.03,634.91,719.08,713.78,747.63,782.15,822.93,780.41,794.73,809.08,820.8,851.05,746.68
1507,Tanjung Jabung Barat,West Tanjung Jabung,15,Jambi,1,Sumatera,Tanjung Jabung Barat,498.34,518.92,553.42,581.15,601.89,618.67,617.25,638.34,665.64,725.4,687.92,695.91,706.12,721.4,748.29,736.35
1508,Tebo,Tebo,15,Jambi,1,Sumatera,Tebo,418.07,439.2,463.91,488.92,516.41,528.98,521.81,546.99,574.47,624.18,593.58,600.05,606.9,614.97,646.23,628.18
1509,Bungo,Bungo,15,Jambi,1,Sumatera,Bungo,579.92,595.78,609.66,634.84,658.68,675.89,667.65,681.67,716.39,781.09,747.06,744.21,751.8,764.44,824.29,737.76
1571,Kota Jambi,Jambi City,15,Jambi,1,Sumatera,Kota Jambi,2835.32,3028.79,3220.51,3357.06,3411.11,3424.91,3394.85,3676.52,3915.4,4210.23,4054.06,4079.74,4141.59,4224.33,4453.35,3836.49
1572,Kota Sungai Penuh,Sungai Penuh City,15,Jambi,1,Sumatera,Kota Sungai Penuh,228.29,239.79,256.23,269.01,282.72,287.28,282.99,285.62,296.53,323.45,319,323.26,334.39,354.46,355.53,348.48
1601,Ogan Komering Ulu,Ogan Komering Ulu,16,Sumatera Selatan,1,Sumatera,Ogan Komering Ulu,671.79,702.61,749.53,792.78,811.14,857.55,808.81,806.1,884.43,958.23,673.45,675.97,689,734.84,785.71,821.51
1602,Ogan Komering Ilir,Ogan Komering Ilir,16,Sumatera Selatan,1,Sumatera,Ogan Komering Ilir,1023.45,1057.09,1131.12,1199.53,1229.17,1286.26,1219.35,1254.57,1339.23,1463.42,1370.69,1382.69,1410.03,1496.22,1615.21,1653.89
1603,Muara Enim,Muara Enim,16,Sumatera Selatan,1,Sumatera,Muara Enim,1086.79,1131.75,1225.71,1298.34,1328.29,1384.99,1318.23,1433.18,1544.81,1632.82,1385.45,1417.62,1442.55,1535.64,1642.37,1662.24
1604,Lahat,Lahat,16,Sumatera Selatan,1,Sumatera,Lahat,1159.07,1199.28,1291.52,1369.74,1409.83,1468.63,1399.34,1545.23,1686.28,1753.38,1688.33,1709.77,1720.87,1837.96,1975.7,2000.84
1605,Musi Rawas,Musi Rawas,16,Sumatera Selatan,1,Sumatera,Musi Rawas,826.87,853.13,924.12,990.13,1011.76,1061.96,991.31,1084.76,1164.67,1265.3,1141.3,1150.05,1153.51,1212.77,1349.03,1327.98
1606,Musi Banyuasin,Musi Banyuasin,16,Sumatera Selatan,1,Sumatera,Musi Banyuasin,2128.91,2238.83,2410.74,2555.54,2624.47,2707.24,2721.24,2755.57,2802.97,2937.74,2803.78,2852.94,2878.9,3077.6,3304.75,3308.87
1607,Banyu Asin,Banyuasin,16,Sumatera Selatan,1,Sumatera,Banyu Asin,1015.84,1057,1126.91,1221.05,1240.68,1302.03,1234.53,1292.2,1395.47,1467.72,1293.94,1318.14,1344.03,1445.1,1526.93,1555.45
1608,Ogan Komering Ulu Selatan,South Ogan Komering Ulu,16,Sumatera Selatan,1,Sumatera,Ogan Komering Ulu Selatan,509.36,528.96,562.82,584.28,601.14,628.17,608.05,663.8,717.89,762.9,673.75,689.45,701.23,744.61,776.59,797.7
1609,Ogan Komering Ulu Timur,East Ogan Komering Ulu,16,Sumatera Selatan,1,Sumatera,Ogan Komering Ulu Timur,685.98,709.32,747.83,790.9,811.02,846.11,854.74,896.49,953.21,1014.43,883.85,893.57,921.27,980.69,1082.93,1052.19
1610,Ogan Ilir,Ogan Ilir,16,Sumatera Selatan,1,Sumatera,Ogan Ilir,758.11,788.59,845.38,887.92,911.48,948.2,894.18,908.3,968.71,1010.2,869.98,890.16,919.04,974.28,1048.77,1026.59
1611,Empat Lawang,Empat Lawang,16,Sumatera Selatan,1,Sumatera,Empat Lawang,422.63,437.16,465.88,492.24,497.45,518.83,499.46,540.84,579.44,615.25,551.36,561.29,563.48,595.79,648.2,643.25
1612,Penukal Abab Lematang Ilir,Penukal Abab Lematang Ilir,16,Sumatera Selatan,1,Sumatera,Penukal Abab Lematang Ilir,143.24,149.13,160.76,172.1,176.38,184.08,187.89,208.45,235.51,255.78,179.86,183.37,188.06,202.38,211.98,215.77
1613,Musi Rawas Utara,North Musi Rawas,16,Sumatera Selatan,1,Sumatera,Musi Rawas Utara,357.43,368.09,392.48,427.74,439.69,457.87,435.65,478.85,519.53,547.91,449.51,458.32,463.95,496.65,550.93,540.52
1671,Kota Palembang,Palembang City,16,Sumatera Selatan,1,Sumatera,Kota Palembang,3810.08,3928.58,4198.4,4411.54,4486.1,4720.68,4202.06,4896.72,5214.35,5452.91,4696.03,4831.65,4930.12,5288.91,5785.86,5825.32
1672,Kota Prabumulih,Prabumulih City,16,Sumatera Selatan,1,Sumatera,Kota Prabumulih,493.59,510.38,545.27,573.02,612.31,614.31,602.28,601.04,643.55,693.04,618.2,630,649.88,680.4,755.97,753.31
1673,Kota Pagar Alam,Pagar Alam City,16,Sumatera Selatan,1,Sumatera,Kota Pagar Alam,275.97,282.98,300,317.81,324.97,336.32,321.54,319.25,318.64,331.18,298.03,303.84,312.79,328.8,360.17,368.7
1674,Kota Lubuklinggau,Lubuklinggau City,16,Sumatera Selatan,1,Sumatera,Kota Lubuklinggau,400.55,417.78,448.52,474.7,487.21,507.35,483.86,520.85,537.3,564.06,480.71,493.55,493.64,530.5,558.34,564.73
1701,Bengkulu Selatan,South Bengkulu,17,Bengkulu,1,Sumatera,Bengkulu Selatan,454.42,492.82,524.12,554.19,587.14,630.35,648.66,667.08,700.34,733.15,734.43,753.2,762.31,812.89,886.48,887.56
1702,Rejang Lebong,Rejang Lebong,17,Bengkulu,1,Sumatera,Rejang Lebong,525,547.74,569.4,593.97,633.91,674.36,686.41,703.79,739.07,765.54,768.03,782.5,780.28,837.11,900.64,903.08
1703,Bengkulu Utara,North Bengkulu,17,Bengkulu,1,Sumatera,Bengkulu Utara,486.59,507.67,535.78,563,611.51,665.78,678.92,698.91,734.65,757.64,759.41,780.92,785.8,833.73,891.91,893.95
1704,Kaur,Kaur,17,Bengkulu,1,Sumatera,Kaur,298.67,316.36,335.67,356.07,387.92,415.33,424.81,429.92,446.92,463.48,467.26,481.67,487.07,516.92,553.41,555.04
1705,Seluma,Seluma,17,Bengkulu,1,Sumatera,Seluma,334.04,354.7,373.17,395.28,428.78,459.27,493.76,501.03,521.42,536.07,524.64,529.06,528.8,548.35,592.32,594.11
1706,Mukomuko,Mukomuko,17,Bengkulu,1,Sumatera,Mukomuko,310.29,331.08,350.76,375.08,406.56,433.17,448.89,467.02,490.84,510.86,502.05,520.87,519.2,557.11,602.28,603.8
1707,Lebong,Lebong,17,Bengkulu,1,Sumatera,Lebong,292.77,310.42,324.3,340.47,363.54,384.48,394.17,407.27,428.26,446.13,448.51,459.99,460.08,483.62,521.94,524.44
1708,Kepahiang,Kepahiang,17,Bengkulu,1,Sumatera,Kepahiang,287.98,299.46,316.04,334.12,360.44,387.34,397.2,405.2,428.68,447.26,448.76,463.3,469.53,497.92,536.32,537.42
1709,Bengkulu Tengah,Central Bengkulu,17,Bengkulu,1,Sumatera,Bengkulu Tengah,231.46,240.34,254.9,263.29,281.14,301.55,308.15,314.67,332.77,346.49,350.33,360.53,361.21,383.6,414.23,414.98
1771,Kota Bengkulu,Bengkulu City,17,Bengkulu,1,Sumatera,Kota Bengkulu,2460.21,2573.76,2684.23,2822.87,3030.29,3242.99,3407.69,3514.75,3695.56,3842.35,3871.19,3984.13,4027.7,4310.96,4653.06,4668.11
1801,Lampung Barat,West Lampung,18,Lampung,1,Sumatera,Lampung Barat,605.96,648.62,637.75,675.26,701.34,774.51,813.87,824.71,829.08,829.71,807.75,809.42,788.29,802.78,834.29,854.41
1802,Tanggamus,Tanggamus,18,Lampung,1,Sumatera,Tanggamus,764.75,809.98,841.58,871.91,884.97,947.62,977.21,1001.8,1022.25,1052.49,1037.07,1040.33,992.81,1010.15,1052.08,1046.05
1803,Lampung Selatan,South Lampung,18,Lampung,1,Sumatera,Lampung Selatan,815.61,864.05,927.36,990.29,1037.73,1150.33,1204.13,1217.8,1243.88,1281.51,1239.6,1243.47,1212.06,1241.1,1302.77,1293.59
1804,Lampung Timur,East Lampung,18,Lampung,1,Sumatera,Lampung Timur,1011.83,1086.41,1161.31,1203.85,1259.03,1384.25,1437.09,1446.42,1472.78,1516.86,1476.72,1483.49,1416.18,1465.17,1549.35,1640.41
1805,Lampung Tengah,Central Lampung,18,Lampung,1,Sumatera,Lampung Tengah,1151.63,1209.21,1286.71,1331.68,1387.38,1512.69,1557.82,1583,1608.92,1653.04,1611.32,1616.82,1535.81,1567.15,1638.89,1638.74
1806,Lampung Utara,North Lampung,18,Lampung,1,Sumatera,Lampung Utara,713.55,757.04,790.07,828.55,842.01,907.47,977.02,1003.84,1022.55,1052.28,1022.61,1027.51,1000.49,1017.03,1073.36,1055.31
1807,Way Kanan,Way Kanan,18,Lampung,1,Sumatera,Way Kanan,474.35,505.81,527.67,548.89,558.32,595.36,621.17,641.18,651.93,669.89,654.95,658.88,659.03,674.01,698.73,697.83
1808,Tulangbawang,Tulang Bawang,18,Lampung,1,Sumatera,Tulangbawang,459.21,488.04,517.91,537.4,545.39,593.49,615.87,627.76,640.73,660.31,655.55,658.76,649.51,660.37,682.43,684.28
1809,Pesawaran,Pesawaran,18,Lampung,1,Sumatera,Pesawaran,482.36,510.58,537.3,566.93,585.07,638.89,661.89,682.53,695.39,716.08,698.71,704.98,669.68,678.73,704.17,703.54
1810,Pringsewu,Pringsewu,18,Lampung,1,Sumatera,Pringsewu,392.25,415.76,432.67,453.28,465.13,507.41,532.28,533.95,544.8,560.89,538.79,544.24,521.3,528.26,558.17,561.05
1811,Mesuji,Mesuji,18,Lampung,1,Sumatera,Mesuji,229.77,241.8,256.8,269.63,279.67,297.75,320.21,314.58,320.2,329.91,321.81,324.74,325.29,330.05,343.33,340.1
1812,Tulang Bawang Barat,West Tulang Bawang,18,Lampung,1,Sumatera,Tulang Bawang Barat,271.26,292.31,311.54,328.89,342.02,377.76,393.65,388.79,395.45,406.86,396.64,401.24,404.92,418.14,435.63,435.54
1813,Pesisir Barat,Pesisir Barat,18,Lampung,1,Sumatera,Pesisir Barat,0,0,70.99,76.39,80.03,89.14,93.28,93.75,96.5,98.57,96.1,96.69,93.89,94.95,100.61,99.19
1871,Kota Bandar Lampung,Bandar Lampung City,18,Lampung,1,Sumatera,Kota Bandar Lampung,4670.21,5031.04,5319.27,5538.07,5732.64,6531.28,6754.13,6852.17,6969.44,7141.89,7022.47,7038.98,6683.51,6822.72,7182.98,7038.77
1872,Kota Metro,Metro City,18,Lampung,1,Sumatera,Kota Metro,440.97,465.39,481.59,500.66,506.35,552.59,582.35,595.17,603.18,619.47,599.35,603.15,573.91,586.47,619.24,618.74
1901,Bangka,Bangka,19,Kepulauan Bangka Belitung,1,Sumatera,Bangka,585.25,626.87,653.74,682.16,721.97,749.12,779.26,828.08,839.88,868.71,824.16,846.41,866.54,912.67,951.67,886.66
1902,Belitung,Belitung,19,Kepulauan Bangka Belitung,1,Sumatera,Belitung,470.76,504.64,528.65,549.78,573.19,600.04,629.14,668.05,679.73,703.22,676.89,687.55,705.33,742.73,770.3,719.24
1903,Bangka Barat,West Bangka,19,Kepulauan Bangka Belitung,1,Sumatera,Bangka Barat,360.7,393.88,415.69,441.28,460.91,478.73,497.93,528.55,530.49,548.39,531.37,543.18,556.85,583.97,607.59,561.2
1904,Bangka Tengah,Central Bangka,19,Kepulauan Bangka Belitung,1,Sumatera,Bangka Tengah,425.32,467.45,495.35,532.7,566.63,593.13,617.61,651.12,668.41,683.41,660.7,683,704.45,739.33,746.5,709.93
1905,Bangka Selatan,South Bangka,19,Kepulauan Bangka Belitung,1,Sumatera,Bangka Selatan,326.74,355.46,375.68,391.52,411.72,429.57,447.71,474.28,475.54,488.75,480.15,489.14,498.75,525.73,519.79,470.73
1906,Belitung Timur,East Belitung,19,Kepulauan Bangka Belitung,1,Sumatera,Belitung Timur,443.16,485.45,506.03,521.54,543.44,563.52,579.7,607.38,609.9,622.93,595.02,623.75,636.53,669.18,702.3,660.69
1971,Kota Pangkal Pinang,Pangkal Pinang City,19,Kepulauan Bangka Belitung,1,Sumatera,Kota Pangkal Pinang,868.21,951.74,1016.36,1066.36,1127.41,1173.08,1223.73,1303.65,1329.65,1371.15,1307.8,1322.5,1353.7,1431.25,1466.63,1368.93
2101,Karimun,Karimun,21,Kepulauan Riau,2,Sumatera,Karimun,865.82,910.49,940.62,968.45,1009.03,1022.27,1071.51,1129.52,1171.75,1215.62,1137.29,1099.46,1052.65,1046.47,940.33,1016.89
2102,Bintan,Bintan,21,Kepulauan Riau,2,Sumatera,Bintan,643.52,682.7,711.15,753.05,800.74,860.06,923.68,981.15,1046.84,1141.88,1034.69,965.4,970.06,981.41,1037.92,1053.11
2103,Natuna,Natuna,21,Kepulauan Riau,2,Sumatera,Natuna,950.87,1064.63,1189.59,1258.38,1309.54,1250.2,1296.28,1314.68,1334.77,1375.71,1205.95,1152.53,1162.18,1167.13,1173.3,1107.19
2104,Lingga,Lingga,21,Kepulauan Riau,2,Sumatera,Lingga,541.83,612.68,615.03,586.26,582.81,509.86,550.99,592.61,616.12,640.83,599.67,594.8,612.07,635.55,658.47,508.92
2105,Kepulauan Anambas,Anambas Islands,21,Kepulauan Riau,2,Sumatera,Kepulauan Anambas,670.04,783.11,866.77,883.4,904.8,898.19,958.57,1006.36,1027.11,1059.43,911.57,905.43,830.22,871.71,925.02,805.55
2171,Kota Batam,Batam City,21,Kepulauan Riau,2,Sumatera,Kota Batam,1281.43,1347,1363.84,1372.06,1239.01,1417.38,1521.69,1547.94,1559.03,1582.94,1488.17,1493.32,1417.86,1603.09,1772.82,1893.73
2172,Kota Tanjung Pinang,Tanjung Pinang City,21,Kepulauan Riau,2,Sumatera,Kota Tanjung Pinang,1773.52,1888.98,2071.58,2148.44,2390.6,2334.17,2410.46,2483.17,2530.93,2569.91,2405.35,2377.26,2452.19,2780.82,2739.31,2576.01
3101,Kepulauan Seribu,Kepulauan Seribu,31,DKI Jakarta,3,Jawa,Kepulauan Seribu,199.78,213.73,226.65,251.94,257.47,260.14,264.69,274.58,314.84,314.71,314.17,343.1,309.71,299.72,326.7,360.36
3171,Kota Jakarta Selatan,South Jakarta City,31,DKI Jakarta,3,Jawa,Kota Jakarta Selatan,43145.91,46056.32,48709.74,53450.51,54113.5,54687.1,55768.24,57555.23,66021.61,65242.55,75342.1,82816.03,77631.75,74100.77,82860.42,91358.19
3172,Kota Jakarta Timur,East Jakarta City,31,DKI Jakarta,3,Jawa,Kota Jakarta Timur,9125.5,10119.06,10696.64,10792.26,11022.86,11142.47,11336.5,11688.51,13441.95,13179.24,13150.06,14348.65,12921.5,12383.44,13425.26,13939.79
3173,Kota Jakarta Pusat,Central Jakarta City,31,DKI Jakarta,3,Jawa,Kota Jakarta Pusat,70389.68,74127.61,78359.31,85924.9,87884.64,88802.43,89973.06,92873.03,107299.91,105701.14,123773.92,136933.17,120290.96,117692.75,125725.98,141230.81
3174,Kota Jakarta Barat,West Jakarta City,31,DKI Jakarta,3,Jawa,Kota Jakarta Barat,6666.57,6991.81,7316.18,7856,8017.83,8104.57,8191.67,8450.91,9713.44,9578.86,10998.55,11997.38,10799.49,10368.91,11198.42,12221.2
3175,Kota Jakarta Utara,North Jakarta City,31,DKI Jakarta,3,Jawa,Kota Jakarta Utara,7419.22,7906.35,8351.47,9102.59,9273.37,9368.5,9513.55,9802.22,11271.14,11202.68,11161.1,12124.44,10822.49,10383.49,11268.32,12351.52
3201,Bogor,Bogor,32,Jawa Barat,3,Jawa,Bogor,3736.4,3739.4,4015.94,4152.97,4338.22,4690.69,4603.31,4514.98,4595.52,4749.31,4659.41,4725.31,4644.5,4895.33,4904.03,5184.53
3202,Sukabumi,Sukabumi,32,Jawa Barat,3,Jawa,Sukabumi,1890.12,1910.41,1992.72,2013.03,2088.3,2240.03,2207.25,2211.87,2261.44,2338.67,2341.29,2395.87,2361.75,2477.96,2402.52,2501.34
3203,Cianjur,Cianjur,32,Jawa Barat,3,Jawa,Cianjur,1652.71,1656.05,1756.98,1740,1803.75,1947.75,1887.22,1807.94,1886.35,1946.24,1907.07,1960.2,1937.77,2018.69,2043.16,2057.67
3204,Bandung,Bandung,32,Jawa Barat,3,Jawa,Bandung,2515,2536.55,2693.53,2720.32,2829.04,3066.26,3085.49,3158.4,3282.21,3392.23,3383.07,3475.96,3412.4,3596.08,3439.73,3588.25
3205,Garut,Garut,32,Jawa Barat,3,Jawa,Garut,1961.76,1973.67,2094.14,2092.47,2169.42,2341.68,2347.35,2415.09,2488.58,2574.98,2551.19,2627.72,2602.05,2743.48,2720.05,2833.79
3206,Tasikmalaya,Tasikmalaya,32,Jawa Barat,3,Jawa,Tasikmalaya,1394.15,1390.4,1462.71,1497.91,1549.89,1684.44,1914.13,1981.99,2059.55,2127.99,2118.5,2140.03,2094.94,2223.65,2250.66,2573.65
3207,Ciamis,Ciamis,32,Jawa Barat,3,Jawa,Ciamis,1149.84,1151.92,1222.57,1214.07,1252.9,1351.68,1578.95,1599.48,1654.37,1708.19,1699.62,1732.87,1703.39,1840.28,1864.28,1962.23
3208,Kuningan,Kuningan,32,Jawa Barat,3,Jawa,Kuningan,1469.87,1478.29,1561.42,1544.64,1596.79,1727.4,1791.29,1787.4,1860.57,1917.42,1899.12,1967.12,1921.91,1947.05,2033.71,2035
3209,Cirebon,Cirebon,32,Jawa Barat,3,Jawa,Cirebon,1701.98,1700.96,1789.07,1731.63,1789.49,1915.55,2338.69,2177.7,2185.29,2252.17,2237.3,2299.14,2246.05,2277.41,2180.76,2352.76
3210,Majalengka,Majalengka,32,Jawa Barat,3,Jawa,Majalengka,1324.81,1364.74,1401.33,1369.87,1399.56,1530.5,1620.26,1624.84,1702.81,1759.53,1761.38,1828.27,1796.5,1877.14,1915.04,1891.07
3211,Sumedang,Sumedang,32,Jawa Barat,3,Jawa,Sumedang,1723.34,1732.01,1833.49,1853.16,1915.03,2067.26,2027.62,1841.31,1925.52,1989.01,1977.12,2000.2,1978.2,1998.17,2022.6,2116.24
3212,Indramayu,Indramayu,32,Jawa Barat,3,Jawa,Indramayu,1544.86,1556.55,1637.9,1641.71,1709.81,1828.11,1891.59,2118.55,2152.54,2223.12,2205.51,2239.78,2196.05,2299.75,2294.78,2308.6
3213,Subang,Subang,32,Jawa Barat,3,Jawa,Subang,1443.57,1444.3,1536.58,1555.68,1607.88,1737.72,1998.26,2179,2236.09,2303.13,2228.82,2236.47,2218.46,2295.59,2308.71,2424.1
3214,Purwakarta,Purwakarta,32,Jawa Barat,3,Jawa,Purwakarta,1288.56,1308.27,1384.13,1406.46,1478.56,1590.04,1600.93,1606.07,1663.97,1718.73,1686.14,1673.54,1647.14,1666.94,1742.06,1848.21
3215,Karawang,Karawang,32,Jawa Barat,3,Jawa,Karawang,1984.48,2108.56,2303.72,2467.44,2552.36,2814.96,2914.39,2846.23,2900.58,2988.54,2937.78,2972.49,2917.71,3002.28,2999.33,3222
3216,Bekasi,Bekasi,32,Jawa Barat,3,Jawa,Bekasi,2082.1,2189.4,2355.28,2428.22,2509.74,2666.84,3097.47,3103.94,3172.47,3274.08,3197.2,3215.69,3089.66,3080.87,3268.25,3389.04
3217,Bandung Barat,West Bandung,32,Jawa Barat,3,Jawa,Bandung Barat,1407.51,1442.43,1516.41,1530.71,1578.81,1722.01,1711.81,1694.38,1713.83,1769.78,1770.07,1806.28,1765.63,1817.98,1960.37,1997.52
3218,Pangandaran,Pangandaran,32,Jawa Barat,3,Jawa,Pangandaran,381.2,381.77,404.88,405.44,418.03,453.4,522.6,610.74,630.63,650.66,637.68,643.66,638.96,638.41,631.46,674.63
3271,Kota Bogor,Bogor City,32,Jawa Barat,3,Jawa,Kota Bogor,2355.04,2412.91,2478.88,2517.89,2584.51,2716.38,2729.62,3027.73,3105.62,3181.39,3094.63,3011.38,2983.11,3274.02,3191.92,3715.17
3272,Kota Sukabumi,Sukabumi City,32,Jawa Barat,3,Jawa,Kota Sukabumi,724.69,725.64,766.59,773.72,805.84,853.55,833.99,844.16,860.63,889.81,886.09,898.7,888.3,933.63,946.22,1026.57
3273,Kota Bandung,Bandung City,32,Jawa Barat,3,Jawa,Kota Bandung,14528.67,14654.25,15171.09,15418.01,15733.55,16521.31,16748.33,17972.54,18712.14,19384.53,19077.37,19355,19126.39,19796.08,21094.67,21610.99
3274,Kota Cirebon,Cirebon City,32,Jawa Barat,3,Jawa,Kota Cirebon,1175.69,1194.93,1261.68,1289.59,1354.51,1431.22,1499.99,1605.32,1657.15,1707.14,1707.48,1690.99,1669.75,1744.68,1671.93,1704.05
3275,Kota Bekasi,Bekasi City,32,Jawa Barat,3,Jawa,Kota Bekasi,2026.24,2070.89,2146.06,2166.93,2256.11,2366.34,2378.63,2569.92,2677.71,2757.72,2729.87,2751.55,2747.93,2833.65,2965.55,3098.62
3276,Kota Depok,Depok City,32,Jawa Barat,3,Jawa,Kota Depok,1218.82,1230.05,1304.47,1342.62,1387.81,1454.28,1668.93,1594.77,1628.96,1685.29,1671.66,1698.59,1700.51,1771.62,1744.9,1876.57
3277,Kota Cimahi,Cimahi City,32,Jawa Barat,3,Jawa,Kota Cimahi,905.63,905.6,947.28,942.39,958.07,980.93,983.75,1058.15,1079.54,1120.78,1101.56,1117.58,1106.18,1158.01,1200.84,1231.89
3278,Kota Tasikmalaya,Tasikmalaya City,32,Jawa Barat,3,Jawa,Kota Tasikmalaya,903.9,903.86,957.46,951.66,984.45,1074.88,1349.51,1439.57,1429.28,1475.19,1456.69,1496.8,1457.11,1571.41,1542.05,1609.93
3279,Kota Banjar,Banjar City,32,Jawa Barat,3,Jawa,Kota Banjar,431.13,432.17,457.22,463.08,479.67,521.75,585.71,649.03,682.24,702.57,697.4,706.86,707.36,756.47,766.01,662.14
3301,Cilacap,Cilacap,33,Jawa Tengah,3,Jawa,Cilacap,1639.94,1692.12,1751.79,1885.12,1904.94,1848.2,1910.45,1966.87,2002.37,2050.33,1986.81,2003.21,2024.83,2068.27,2244.08,2410.77
3302,Banyumas,Banyumas,33,Jawa Tengah,3,Jawa,Banyumas,2172.76,2231.19,2329.09,2487.82,2552.92,2646.09,2700.24,2774.56,2870.38,2936.01,2810.99,2871.46,2930.89,3004.36,3034.49,3128.22
3303,Purbalingga,Purbalingga,33,Jawa Tengah,3,Jawa,Purbalingga,877.56,909.91,941.97,986.59,1009.97,1035.57,1029.28,1061.14,1092.42,1135.57,1049.71,1057.7,1058.85,1067.74,1094.78,1123.12
3304,Banjarnegara,Banjarnegara,33,Jawa Tengah,3,Jawa,Banjarnegara,957.48,992.48,1027.19,1071.41,1074.77,1091.45,1060.4,1077.74,1097.3,1126.07,1078.81,1085.63,1088.15,1105.74,1135.49,1160.37
3305,Kebumen,Kebumen,33,Jawa Tengah,3,Jawa,Kebumen,1268.25,1307.07,1340.99,1419.41,1464.88,1500.65,1518.23,1560.58,1605.47,1646.84,1580.86,1600.62,1614.63,1655.4,1722.01,1798.34
3306,Purworejo,Purworejo,33,Jawa Tengah,3,Jawa,Purworejo,980.79,1024.68,1064.77,1116.17,1139.52,1176.06,1178.54,1212.28,1244.57,1294.64,1238.23,1247.1,1257.7,1288.86,1302.92,1356.08
3307,Wonosobo,Wonosobo,33,Jawa Tengah,3,Jawa,Wonosobo,817.02,856.07,882.98,908.42,910.29,947.62,926.67,933.17,975.7,991.15,946.5,951.66,954.04,975.34,1001.1,1031.16
3308,Magelang,Magelang,33,Jawa Tengah,3,Jawa,Magelang,1267.12,1299.57,1342.96,1394.41,1429.36,1464.12,1472.43,1522.58,1596.62,1633.21,1568.62,1580.64,1594.23,1638.59,1641.35,1778.51
3309,Boyolali,Boyolali,33,Jawa Tengah,3,Jawa,Boyolali,1091.82,1119.47,1157.43,1217.42,1244.35,1283.66,1296.82,1327.83,1376.09,1395.26,1343.88,1364.72,1369.3,1410.69,1452.37,1506.68
3310,Klaten,Klaten,33,Jawa Tengah,3,Jawa,Klaten,1470.05,1512.35,1559.39,1616.35,1634.5,1616.9,1615.99,1663.34,1742.87,1800.88,1737.82,1749.05,1750.61,1791.47,1806.72,1936.67
3311,Sukoharjo,Sukoharjo,33,Jawa Tengah,3,Jawa,Sukoharjo,978.24,1000.65,1029.18,1071.28,1094.5,1142.28,1154.78,1185.5,1230.17,1292.64,1239.64,1208.49,1225.41,1255.93,1264.88,1268.56
3312,Wonogiri,Wonogiri,33,Jawa Tengah,3,Jawa,Wonogiri,1090.95,1122.96,1177.54,1249.11,1292.12,1317.55,1323.8,1352.39,1379.47,1436.38,1374.36,1365.79,1377.95,1418.11,1468.67,1494.52
3313,Karanganyar,Karanganyar,33,Jawa Tengah,3,Jawa,Karanganyar,992.37,1023.79,1074.08,1120.34,1174.67,1221.41,1216.43,1256.15,1312.24,1391.1,1328.91,1338.93,1350.31,1390.94,1412.3,1453.13
3314,Sragen,Sragen,33,Jawa Tengah,3,Jawa,Sragen,1086.49,1154,1204.74,1283.81,1329.6,1379.94,1362.46,1391.62,1430.37,1486.31,1414.51,1429.95,1440.88,1486.72,1531.84,1573.62
3315,Grobogan,Grobogan,33,Jawa Tengah,3,Jawa,Grobogan,1161.49,1219.15,1289.19,1376.06,1427.93,1488.51,1491.31,1523.71,1573.01,1633.73,1550.43,1533.89,1542.78,1553.2,1596.21,1638.81
3316,Blora,Blora,33,Jawa Tengah,3,Jawa,Blora,1076.26,1111.68,1155.71,1221.33,1261.61,1322.02,1325.21,1358.33,1411.87,1445.19,1386.87,1385.96,1391.22,1409.06,1451.93,1531.67
3317,Rembang,Rembang,33,Jawa Tengah,3,Jawa,Rembang,794.88,817.56,844.11,889.42,919.52,939.21,968.87,1003.55,1034.54,1059.79,1015.84,1014.56,1017.32,1033.32,1070.9,1095.87
3318,Pati,Pati,33,Jawa Tengah,3,Jawa,Pati,1502.13,1562.41,1628.28,1695.05,1729.14,1769.16,1787.76,1842.24,1875.31,1932.69,1853.56,1834.6,1839,1886.86,1940.42,1995.9
3319,Kudus,Kudus,33,Jawa Tengah,3,Jawa,Kudus,942.74,982.58,1028.88,1080.07,1104.53,1135.69,1170.21,1210.86,1247.54,1297.73,1250.67,1268.88,1273.58,1308.3,1394.61,1488.55
3320,Jepara,Jepara,33,Jawa Tengah,3,Jawa,Jepara,1069.92,1157.37,1176.4,1269.62,1298.36,1339.51,1339.6,1384.08,1442.11,1472.47,1453.64,1444.67,1480.76,1518.7,1555.93,1652.63
3321,Demak,Demak,33,Jawa Tengah,3,Jawa,Demak,1068.51,1133.84,1182.71,1238.05,1295.3,1344.78,1359.09,1401.5,1429.67,1481.86,1493.98,1507.39,1515.18,1557.64,1618.1,1650.56
3322,Semarang,Semarang,33,Jawa Tengah,3,Jawa,Semarang,1657.08,1695.72,1730.88,1797.49,1853.3,1964.31,1931.08,1997.06,2058.74,2138.7,2033.47,2007.03,2097.75,2078.93,2137.1,2140.1
3323,Temanggung,Temanggung,33,Jawa Tengah,3,Jawa,Temanggung,789.89,813.85,890.98,930.37,940.45,951.78,949.98,984.12,1022.17,1063.02,1010.07,1021.51,1023.61,1053.11,1063.04,1095.29
3324,Kendal,Kendal,33,Jawa Tengah,3,Jawa,Kendal,1017.67,1072.47,1086.25,1150.06,1178.81,1217.52,1228.47,1252.47,1278.61,1330.33,1275.33,1285.79,1288.01,1318.91,1350.79,1399.85
3325,Batang,Batang,33,Jawa Tengah,3,Jawa,Batang,772.57,794.83,818.74,869.59,897.89,915.53,904.22,934.1,964.64,971.49,960.78,960.63,961.4,983.28,1013.61,1055.7
3326,Pekalongan,Pekalongan,33,Jawa Tengah,3,Jawa,Pekalongan,963.8,986.71,1019.67,1073.19,1108.54,1154.41,1154.19,1155.23,1188.75,1231.38,1181.18,1195.95,1204.78,1240.44,1297.8,1333.16
3327,Pemalang,Pemalang,33,Jawa Tengah,3,Jawa,Pemalang,1095.26,1128.44,1164.34,1224.82,1250.36,1260.26,1269.91,1317.1,1340.91,1401.69,1335.79,1368.92,1370.47,1405.97,1421.4,1436.13
3328,Tegal,Tegal,33,Jawa Tengah,3,Jawa,Tegal,1107.81,1151.56,1190.12,1260.57,1305.45,1341.08,1348.66,1397.85,1451.26,1508.98,1424.1,1437.11,1438.83,1468.05,1506.82,1573.31
3329,Brebes,Brebes,33,Jawa Tengah,3,Jawa,Brebes,1375.99,1422.17,1472.79,1557.24,1628.46,1668.02,1710.34,1699.63,1729.79,1764.22,1711.77,1723.46,1726.65,1769.62,1846.02,1892.95
3371,Kota Magelang,Magelang City,33,Jawa Tengah,3,Jawa,Kota Magelang,763.01,783.5,807.89,851.19,861.13,890.34,911.51,946.07,975.16,1008.88,986.13,990.85,1000.12,1026.49,1056.5,1106.91
3372,Kota Surakarta,Surakarta City,33,Jawa Tengah,3,Jawa,Kota Surakarta,2481.78,2561.1,2640.18,2793.96,2867.03,2967.02,2879.22,2995.65,3048.52,3158.64,2854.99,2910.67,2938.64,2975.09,3024.35,3100.46
3373,Kota Salatiga,Salatiga City,33,Jawa Tengah,3,Jawa,Kota Salatiga,591.72,609.91,629.73,665.33,678.92,697.53,699.58,714.81,744.94,788.79,776.65,795.13,795.78,812.2,838.41,848.72
3374,Kota Semarang,Semarang City,33,Jawa Tengah,3,Jawa,Kota Semarang,11378.41,11622.53,11956.19,12463.89,12726.8,13096.27,12570.28,13160.55,13637.32,14298.74,13597.03,13763.06,13800.9,14161.85,14513.75,14871.43
3375,Kota Pekalongan,Pekalongan City,33,Jawa Tengah,3,Jawa,Kota Pekalongan,435.06,472.68,491.51,528.77,555.3,577.24,581.11,599.01,622.2,647.84,616.88,619.96,623.06,637.98,675.46,702.25
3376,Kota Tegal,Tegal City,33,Jawa Tengah,3,Jawa,Kota Tegal,730.69,745.47,755.76,789.8,796.13,821.76,824.24,826.14,840.47,868.62,829.46,842.13,845.99,866.22,884.64,938.08
3401,Kulon Progo,Kulon Progo,34,Daerah Istimewa Yogyakarta,3,Jawa,Kulon Progo,814.55,847.29,893.9,941.29,982.81,1029.98,1047.41,1084.4,1107.83,1132.81,1122.39,1124.8,1141.68,1180.77,1260.66,1273.75
3402,Bantul,Bantul,34,Daerah Istimewa Yogyakarta,3,Jawa,Bantul,1626.22,1698.96,1800.57,1903.18,1980.1,2086.85,2123.72,2159.23,2198.06,2262.31,2240.47,2245.72,2259.99,2313.87,2439.57,2460.83
3403,Gunung Kidul,Gunung Kidul,34,Daerah Istimewa Yogyakarta,3,Jawa,Gunung Kidul,1363.11,1422.9,1512.27,1591.53,1656.23,1740.45,1771.4,1801.57,1847.81,1902.74,1883.38,1897.15,1908.58,1953.12,2054.61,2098.51
3404,Sleman,Sleman,34,Daerah Istimewa Yogyakarta,3,Jawa,Sleman,2881.37,3021.99,3190.47,3390.55,3547.3,3746.02,3940.02,4037.07,4126.11,4218.85,4158.42,4168.97,4190.37,4284.26,4501.06,4582.63
3471,Kota Yogyakarta,Yogyakarta City,34,Daerah Istimewa Yogyakarta,3,Jawa,Kota Yogyakarta,3162.64,3308.48,3511.73,3726.69,3891.22,4112.49,4196.06,4265.58,4386.82,4513.04,4472.47,4499.3,4539.07,4643.53,4892.38,4926.65
3501,Pacitan,Pacitan,35,Jawa Timur,3,Jawa,Pacitan,847.15,867.2,909.61,964.91,984.27,999.36,905.22,933.92,980.67,1013.34,980.08,984.61,989.04,1019.9,1070.31,1079.8
3502,Ponorogo,Ponorogo,35,Jawa Timur,3,Jawa,Ponorogo,1171.83,1185.89,1237.69,1315.74,1345.29,1358.25,1262.24,1288.89,1333.4,1390.31,1325.37,1329.37,1331.9,1371.7,1442.55,1458.02
3503,Trenggalek,Trenggalek,35,Jawa Timur,3,Jawa,Trenggalek,984.96,1002.55,1065.14,1122.18,1146.08,1164.4,1065.43,1090.53,1143.44,1195.58,1136.67,1136.76,1137.52,1162.22,1223.58,1237.68
3504,Tulungagung,Tulungagung,35,Jawa Timur,3,Jawa,Tulungagung,1464.15,1493.39,1540.76,1631.52,1672.57,1710.93,1588.27,1638.75,1718.88,1789.7,1710.28,1713.93,1718.12,1756.12,1838.07,1858.48
3505,Blitar,Blitar,35,Jawa Timur,3,Jawa,Blitar,1423.25,1459.08,1546.88,1637.87,1673.02,1696.5,1571.52,1622.77,1693.17,1761.23,1674.35,1676.02,1686.91,1721.39,1818.7,1819.99
3506,Kediri,Kediri,35,Jawa Timur,3,Jawa,Kediri,1427.75,1487.84,1584.65,1685.47,1733.51,1773.28,1642.13,1706.02,1796.26,1882.24,1807.23,1810.45,1812.88,1829.4,1905.45,1918.31
3507,Malang,Malang,35,Jawa Timur,3,Jawa,Malang,2074.78,2163.41,2274.64,2417.83,2493.61,2557.91,2338.71,2453.35,2538.78,2665.43,2537.01,2574.72,2574.3,2637.59,2823.34,2878.27
3508,Lumajang,Lumajang,35,Jawa Timur,3,Jawa,Lumajang,943.96,965.98,1026.29,1086.9,1099.58,1116.96,1032.27,1068.13,1130.68,1186.9,1138.67,1143.33,1146.39,1166.45,1221.24,1228.71
3509,Jember,Jember,35,Jawa Timur,3,Jawa,Jember,2001.18,2042.53,2216.31,2360.03,2426.69,2484.64,2263.05,2350.34,2450.76,2554.14,2405.36,2408.03,2410.44,2463.71,2588.44,2597.81
3510,Banyuwangi,Banyuwangi,35,Jawa Timur,3,Jawa,Banyuwangi,3150.44,3301.23,3494.77,3712.84,3816.11,3896.17,3563.76,3644.3,3746.22,3858.23,3649.37,3667.64,3682.32,3687.51,3851.05,3872.74
3511,Bondowoso,Bondowoso,35,Jawa Timur,3,Jawa,Bondowoso,957.32,980.93,1038.91,1107.17,1139.74,1166.77,1074.95,1098.38,1141.87,1184.81,1127.52,1131.05,1122.72,1153.22,1216.57,1225.8
3512,Situbondo,Situbondo,35,Jawa Timur,3,Jawa,Situbondo,946.45,967.85,1045.59,1124.77,1157.46,1175.39,1086.32,1110.58,1153.21,1199.08,1107.81,1109.3,1142.78,1177.67,1239.87,1252.49
3513,Probolinggo,Probolinggo,35,Jawa Timur,3,Jawa,Probolinggo,1012.73,1055.82,1139.33,1207.01,1231.41,1260.53,1155.29,1168.33,1197.42,1253.9,1215.04,1218.14,1222.08,1248.62,1326.79,1338.56
3514,Pasuruan,Pasuruan,35,Jawa Timur,3,Jawa,Pasuruan,1543.36,1595.71,1658.17,1725.01,1772.74,1815.02,1645.39,1707.7,1797.97,1886.04,1826.44,1833.79,1849.97,1883.48,1986.84,2000.34
3515,Sidoarjo,Sidoarjo,35,Jawa Timur,3,Jawa,Sidoarjo,6252.75,6535.07,7062.38,7668.84,7871.35,8086.51,7305.1,7538.13,7950.73,8323.57,8043.31,8177.64,8187.6,8206.64,8603.83,8758.82
3516,Mojokerto,Mojokerto,35,Jawa Timur,3,Jawa,Mojokerto,1104.52,1130.43,1182.74,1231.25,1273.48,1307.6,1195.42,1234.02,1293.5,1351.23,1308.1,1311.29,1331.32,1359.98,1447.76,1463.49
3517,Jombang,Jombang,35,Jawa Timur,3,Jawa,Jombang,1304.18,1319.35,1414.46,1511.85,1554.13,1592.32,1473.4,1529.7,1606.16,1682.21,1616.71,1618.15,1649.71,1684.78,1757.98,1787.61
3518,Nganjuk,Nganjuk,35,Jawa Timur,3,Jawa,Nganjuk,1243.79,1270.47,1324.73,1382.85,1419.68,1436.03,1323.27,1367.29,1438.49,1505.5,1440.34,1448.51,1452.59,1497.19,1568.94,1587.14
3519,Madiun,Madiun,35,Jawa Timur,3,Jawa,Madiun,948.81,968.79,1018.55,1062.46,1094.17,1109.7,1021.62,1057.41,1091.47,1163.05,1119.74,1126.72,1145.19,1170.13,1236.49,1236.78
3520,Magetan,Magetan,35,Jawa Timur,3,Jawa,Magetan,999.99,1023.51,1086.94,1156.89,1188.93,1202,1108.68,1149.57,1215.55,1280.19,1218.52,1219.98,1232.76,1250.11,1312.91,1337.66
3521,Ngawi,Ngawi,35,Jawa Timur,3,Jawa,Ngawi,1128.59,1152.08,1222.71,1306.54,1339.1,1365.77,1268.93,1281.94,1320.14,1365.16,1321,1331.03,1322.83,1331.73,1396.57,1409.16
3522,Bojonegoro,Bojonegoro,35,Jawa Timur,3,Jawa,Bojonegoro,1431.94,1447.63,1491.55,1555.19,1596.87,1604.69,1491.9,1531.9,1608.18,1676.15,1621.11,1628.25,1650.88,1702.49,1841.81,1861.34
3523,Tuban,Tuban,35,Jawa Timur,3,Jawa,Tuban,1345.72,1375.42,1443.51,1508.05,1549.26,1581.97,1470.8,1506.45,1573.42,1639.16,1559.92,1572.49,1647.19,1692,1781.44,1787.67
3524,Lamongan,Lamongan,35,Jawa Timur,3,Jawa,Lamongan,1290.94,1341.12,1445.03,1544.93,1590.14,1632.04,1512.14,1576.39,1658.46,1724.39,1646.53,1653.12,1654.52,1687.39,1769.69,1803.09
3525,Gresik,Gresik,35,Jawa Timur,3,Jawa,Gresik,1429.71,1462.12,1570.43,1690.25,1741.5,1790.99,1655,1713.59,1796.55,1877.43,1832.88,1852.02,1865.45,1903.77,1993.5,1997.16
3526,Bangkalan,Bangkalan,35,Jawa Timur,3,Jawa,Bangkalan,1034.8,1053.29,1121.78,1184.48,1215.93,1245.4,1147.54,1190.57,1230.7,1268.69,1212.44,1214.01,1215.58,1217.4,1262.42,1268.45
3527,Sampang,Sampang,35,Jawa Timur,3,Jawa,Sampang,1018.2,1038.69,1095.56,1137.19,1166.39,1192.09,1113.97,1156.91,1235.52,1262.71,1221.14,1226.6,1239.49,1253.79,1310.98,1313.4
3528,Pamekasan,Pamekasan,35,Jawa Timur,3,Jawa,Pamekasan,1077.69,1100.54,1166.73,1214.89,1248.19,1273.76,1190.04,1233.52,1294.46,1351.15,1309.45,1316.68,1328.35,1339.52,1348.9,1365.52
3529,Sumenep,Sumenep,35,Jawa Timur,3,Jawa,Sumenep,1264.62,1289.21,1391.41,1472.99,1513.61,1557.78,1413.78,1456.34,1527.62,1595.79,1579.03,1580.57,1594.24,1613.19,1684.92,1688.33
3571,Kota Kediri,Kediri City,35,Jawa Timur,3,Jawa,Kota Kediri,911.79,935.86,976.41,1016.59,1044.55,1062.86,974.01,1008.87,1055.08,1113.81,1037.85,1040.89,1042.35,1056.77,1107.21,1126.35
3572,Kota Blitar,Blitar City,35,Jawa Timur,3,Jawa,Kota Blitar,681.59,693.3,736.15,774.07,793.32,808,757.48,785.08,824.05,860.53,833.16,833.74,845.48,849.2,886.68,900.17
3573,Kota Malang,Malang City,35,Jawa Timur,3,Jawa,Kota Malang,1207.85,1245.56,1280.47,1360.5,1399.88,1431,1305.31,1343.25,1409.38,1453.29,1403.58,1407.89,1418.52,1474.46,1562.21,1582.61
3574,Kota Probolinggo,Probolinggo City,35,Jawa Timur,3,Jawa,Kota Probolinggo,647.61,654.41,684.35,729.07,738.96,746.34,696.18,724.69,764.56,805.42,769.34,774.21,779.21,799.22,840.94,847.68
3575,Kota Pasuruan,Pasuruan City,35,Jawa Timur,3,Jawa,Kota Pasuruan,560.63,568,591.4,624.14,636.67,643.54,602.69,623.52,653.35,682.15,652.85,654.84,662.48,678.36,715.22,718.29
3576,Kota Mojokerto,Mojokerto City,35,Jawa Timur,3,Jawa,Kota Mojokerto,547.67,561.1,597.44,625.38,639.07,648.92,608.42,637.04,667.81,697.6,666.33,668.18,675.29,685.94,731.9,736.91
3577,Kota Madiun,Madiun City,35,Jawa Timur,3,Jawa,Kota Madiun,589.57,610.79,652.25,699.7,717.74,730.81,693.76,721.34,759.52,795.91,774.64,780.1,779.54,805.08,847.75,860.04
3578,Kota Surabaya,Surabaya City,35,Jawa Timur,3,Jawa,Kota Surabaya,11122.29,11345.85,12109.43,12737.91,13165.86,13627.96,12283.21,12829.97,13532.93,14195.51,12920.42,13134.82,13334.55,13843.87,14619.64,14661.88
3579,Kota Batu,Batu City,35,Jawa Timur,3,Jawa,Kota Batu,670.6,695.5,718.48,749.52,758.5,783.4,728.99,762.35,803.83,854.12,806.67,808.69,849.05,881.57,918.88,924.95
3601,Pandeglang,Pandeglang,36,Banten,3,Jawa,Pandeglang,1079.5,1188.46,1256.95,1316.6,1315.27,1410.35,1448.8,1530.39,1604.72,1708.97,1586.92,1602.31,1605.66,1584.34,1619.75,1567.26
3602,Lebak,Lebak,36,Banten,3,Jawa,Lebak,931.98,1002.87,1065.57,1118.99,1118.77,1194.86,1224.59,1274.58,1358.19,1447.56,1357.52,1373.27,1375.88,1389.15,1444.69,1511.66
3603,Tangerang,Tangerang,36,Banten,3,Jawa,Tangerang,2259.03,2420.66,2577.54,2685.74,2682.14,2822.99,2900.02,3129.68,3237.7,3426.47,3097.48,3143.66,3196.48,3239.53,3361.48,3617.33
3604,Serang,Serang,36,Banten,3,Jawa,Serang,1015.47,1101.34,1169.37,1223.95,1223.62,1261.31,1305.61,1369.87,1416.32,1442.24,1300.18,1320.46,1332.41,1338.97,1373.32,1520.92
3671,Kota Tangerang,Tangerang City,36,Banten,3,Jawa,Kota Tangerang,1533.95,1654.99,1772.32,1875.04,1872.72,1954.03,2147.94,2262.51,2622.83,2768.92,2400.58,2436.25,2465.29,2478.42,2551.18,2674.69
3672,Kota Cilegon,Cilegon City,36,Banten,3,Jawa,Kota Cilegon,582.34,634.01,666.34,687.8,686.89,720.04,752.88,798.21,870.79,970.17,927.39,937.65,941.52,953.5,1004.76,1007.96
3673,Kota Serang,Serang City,36,Banten,3,Jawa,Kota Serang,4394.76,4824.59,5011.22,5262.64,5254.17,5515.84,5764.94,5894.07,6390.94,6829.36,6333.42,6353.76,6376.63,6298.03,6507.82,6477.27
3674,Kota Tangerang Selatan,South Tangerang City,36,Banten,3,Jawa,Kota Tangerang Selatan,643.17,689.81,699.02,721.94,720.75,751.53,785.28,821.24,895.91,957.46,843.77,851.22,858.46,872.82,882.9,905.95
5101,Jembrana,Jembrana,51,Bali,5,Bali-Nusa Tenggara,Jembrana,742.99,790.09,833.17,880.43,845.17,869.18,925.41,951.9,985.19,1046.79,1078.56,1009.42,1010.95,963.08,975.31,936.52
5102,Tabanan,Tabanan,51,Bali,5,Bali-Nusa Tenggara,Tabanan,1043.68,1112.16,1172.86,1247.84,1134.5,1219.87,1330.53,1384.77,1451.62,1556.16,1547.97,1555.13,1559.5,1524.04,1452.18,1454.34
5103,Badung,Badung,51,Bali,5,Bali-Nusa Tenggara,Badung,1793.06,1927.96,2062.37,2202.76,1994.11,2099.1,2238.26,2417.1,2552.14,2625.49,2554.68,2451.1,2465.31,2686.84,2984.96,3394.39
5104,Gianyar,Gianyar,51,Bali,5,Bali-Nusa Tenggara,Gianyar,932.93,1003.83,1068.2,1141.13,1042.76,1121.23,1193.24,1254,1301.91,1406.51,1354.16,1308.26,1312.88,1298.63,1325.24,1374.4
5105,Klungkung,Klungkung,51,Bali,5,Bali-Nusa Tenggara,Klungkung,626.56,667.64,704.99,747.53,676.85,715.23,765.01,797.82,836.63,904.97,900.14,925,889.19,887.05,871.69,880.83
5106,Bangli,Bangli,51,Bali,5,Bali-Nusa Tenggara,Bangli,554.3,590.83,623.59,660.58,599.27,635.31,675.95,707.54,734.3,758.83,782.67,793.12,794.22,777.85,801.04,842.08
5107,Karangasem,Karangasem,51,Bali,5,Bali-Nusa Tenggara,Karangasem,756.56,801.01,843.22,895.01,810.38,860.53,935.14,946.54,962.93,1029.3,1039.63,1013,1005.87,1004.78,1099.57,1089.2
5108,Buleleng,Buleleng,51,Bali,5,Bali-Nusa Tenggara,Buleleng,1603.02,1713.47,1818.3,1948.07,1791.25,1921.89,2070.43,2172.39,2260.58,2398.22,2397.96,2312.3,2321.52,2269.99,2402.93,2341.32
5171,Kota Denpasar,Denpasar City,51,Bali,5,Bali-Nusa Tenggara,Kota Denpasar,2896.68,3117.23,3330.49,3561.93,3244.37,3432.08,3650.9,3818.53,4011.79,4584.81,4793.23,4649.01,4571.48,4554.81,5147.05,5347.91
5201,Lombok Barat,West Lombok,52,Nusa Tenggara Barat,5,Bali-Nusa Tenggara,Lombok Barat,979.42,1031.89,1076.77,1096.21,1211.44,1233.24,1248.08,1330.27,1329.91,1362.07,1385.33,1394.31,1409.89,1432.46,1505.35,1547.63
5202,Lombok Tengah,Central Lombok,52,Nusa Tenggara Barat,5,Bali-Nusa Tenggara,Lombok Tengah,1047.96,1109.62,1150.11,1172.3,1282.69,1306.11,1323.54,1387.82,1405.03,1432.82,1454.43,1463,1450.3,1476.31,1553.28,1601.05
5203,Lombok Timur,East Lombok,52,Nusa Tenggara Barat,5,Bali-Nusa Tenggara,Lombok Timur,1470.66,1543.57,1588.13,1684.94,1795.91,1832.42,1854.05,1932.83,1959.21,1987.49,2016.29,2029.02,2066.24,2054.66,2166.55,2259.61
5204,Sumbawa,Sumbawa,52,Nusa Tenggara Barat,5,Bali-Nusa Tenggara,Sumbawa,874.13,925.12,962.68,985.83,1082.23,1106.76,1122.95,1155.74,1169.3,1191.5,1202.7,1213.3,1225.77,1246.72,1313.25,1379.08
5205,Dompu,Dompu,52,Nusa Tenggara Barat,5,Bali-Nusa Tenggara,Dompu,728.46,765.16,796.09,824.81,910,929.66,942.38,978.37,988.72,1004.21,1015.25,1017.19,1038.84,1055.17,1105.99,1136.05
5206,Bima,Bima,52,Nusa Tenggara Barat,5,Bali-Nusa Tenggara,Bima,960.06,1015.67,1051.64,1074.14,1174.31,1201.5,1213.67,1263.32,1279.23,1302.15,1314.97,1322.94,1343.69,1372.89,1437.75,1496.32
5207,Sumbawa Barat,West Sumbawa,52,Nusa Tenggara Barat,5,Bali-Nusa Tenggara,Sumbawa Barat,621.98,661.69,687.37,692.08,733.91,745.2,753.19,783.79,784.81,799.64,792.94,796.37,806.35,837.73,882.28,916.7
5208,Lombok Utara,North Lombok,52,Nusa Tenggara Barat,5,Bali-Nusa Tenggara,Lombok Utara,600.26,640.42,659.11,673.57,734.92,747.6,752.61,794.28,791.06,814.49,821.07,825.07,833.09,846.8,873.96,915.47
5271,Kota Mataram,Mataram City,52,Nusa Tenggara Barat,5,Bali-Nusa Tenggara,Kota Mataram,1314.22,1344.07,1384.75,1420.69,1543.18,1578.04,1600.98,1669.34,1698.16,1730.46,1780.24,1795.5,1805,1843.33,1921.82,1918.08
5272,Kota Bima,Bima City,52,Nusa Tenggara Barat,5,Bali-Nusa Tenggara,Kota Bima,586.17,677.4,698.92,741.24,797.31,811.4,822.34,858.01,883.69,910.59,904.54,888.94,899.37,921.31,970.29,971.73
5301,Sumba Barat,West Sumba,53,Nusa Tenggara Timur,5,Bali-Nusa Tenggara,Sumba Barat,347.13,396.02,413.03,460.26,514.41,557.38,558.86,571.89,607.12,621.91,546.15,519.91,505.9,518.06,565.39,576.84
5302,Sumba Timur,East Sumba,53,Nusa Tenggara Timur,5,Bali-Nusa Tenggara,Sumba Timur,636.89,728.35,790.64,848.35,873.62,952.1,960.41,1005.86,1068.6,1103.77,976.41,922.28,893.43,908.87,957.55,990.67
5303,Kupang,Kupang,53,Nusa Tenggara Timur,5,Bali-Nusa Tenggara,Kupang,690.2,756.18,816.55,856.54,895.43,946.49,984.2,1012.01,1072.26,1106.48,973.76,921.85,921.92,938.48,1014.4,1035.11
5304,Timor Tengah Selatan,South Central Timor,53,Nusa Tenggara Timur,5,Bali-Nusa Tenggara,Timor Tengah Selatan,705.08,825.35,867.13,926.02,944.46,898.05,936.22,967.48,1020.03,1033.9,909.96,871.88,840.38,855.76,913.73,937.39
5305,Timor Tengah Utara,North Central Timor,53,Nusa Tenggara Timur,5,Bali-Nusa Tenggara,Timor Tengah Utara,517.44,568.74,575.51,603.72,607.93,626.98,649.76,662.54,670.22,682.31,596.49,565.41,546.47,557.09,584.98,597.83
5306,Belu,Belu,53,Nusa Tenggara Timur,5,Bali-Nusa Tenggara,Belu,426.17,458.86,520.79,594.86,636.75,642.11,674.02,693.46,737.07,758.55,651.51,618.93,599.03,611.96,654.13,667.2
5307,Alor,Alor,53,Nusa Tenggara Timur,5,Bali-Nusa Tenggara,Alor,493.5,532.26,592.08,650.5,652.79,675.94,722.86,770.78,822.36,851.05,741.61,711.51,686.37,704.24,747.47,758.68
5308,Lembata,Lembata,53,Nusa Tenggara Timur,5,Bali-Nusa Tenggara,Lembata,376.98,421.13,432.44,459.25,471.18,504.82,505.02,515.55,545.46,557.15,485.27,462.54,463,473.87,500.75,511.69
5309,Flores Timur,East Flores,53,Nusa Tenggara Timur,5,Bali-Nusa Tenggara,Flores Timur,717.85,738.24,788.13,883.94,943.69,1035.91,1078.72,1106.28,1172.8,1191.15,1054.08,1001.55,1001.85,1020.93,1046.2,1081.33
5310,Sikka,Sikka,53,Nusa Tenggara Timur,5,Bali-Nusa Tenggara,Sikka,545.74,585.88,619.52,636.63,649.06,697.21,704.93,726.03,768.28,788.65,693.24,664.43,665.99,662.5,700.84,727.52
5311,Ende,Ende,53,Nusa Tenggara Timur,5,Bali-Nusa Tenggara,Ende,715.23,787.46,796.24,809.18,811.54,824.93,875.12,914.66,960.84,983.06,874.69,836,768.2,778.39,833.54,864.95
5312,Ngada,Ngada,53,Nusa Tenggara Timur,5,Bali-Nusa Tenggara,Ngada,433.29,443.68,390.34,426.66,457.62,488.39,500.61,513.86,541.53,554.91,497.42,457,458.46,454.37,480.37,498.52
5313,Manggarai,Manggarai,53,Nusa Tenggara Timur,5,Bali-Nusa Tenggara,Manggarai,543.47,625.83,688.48,714.97,753.38,794.51,826.06,880.54,920.26,939.42,833.76,791.24,764.76,776.85,804.95,831.33
5314,Rote Ndao,Rote Ndao,53,Nusa Tenggara Timur,5,Bali-Nusa Tenggara,Rote Ndao,352.92,390.98,411.64,447.72,461.81,506.68,510.65,523.52,556.59,574.31,510.75,480.97,481.25,488.3,518.7,530.92
5315,Manggarai Barat,West Manggarai,53,Nusa Tenggara Timur,5,Bali-Nusa Tenggara,Manggarai Barat,497.23,434.52,454.47,504.36,521.75,522.84,553.93,558.25,590.69,604.56,540.99,515.63,516.35,525.38,562.22,580.98
5316,Sumba Tengah,Central Sumba,53,Nusa Tenggara Timur,5,Bali-Nusa Tenggara,Sumba Tengah,258.31,305.25,320.12,340.88,394.6,409.4,410.08,417.36,435.54,442.56,390.74,379.01,367.45,368.31,391.95,403.59
5317,Sumba Barat Daya,Southwest Sumba,53,Nusa Tenggara Timur,5,Bali-Nusa Tenggara,Sumba Barat Daya,321.81,374.46,401.53,455.05,491.27,531.99,572.31,594.07,645.78,664.19,581.13,557.68,535.78,546.6,588.48,597.15
5318,Nagekeo,Nagekeo,53,Nusa Tenggara Timur,5,Bali-Nusa Tenggara,Nagekeo,438.72,504.24,533.03,598.7,612.11,647.4,650.39,671.44,717.77,734.36,657.95,622.56,597.73,603.61,630.36,648.57
5319,Manggarai Timur,East Manggarai,53,Nusa Tenggara Timur,5,Bali-Nusa Tenggara,Manggarai Timur,402.75,418.61,447.85,493.5,541.66,579.21,613.93,650.32,685.48,701.79,632.88,600,569.9,580.91,630.84,641.68
5320,Sabu Raijua,Sabu Raijua,53,Nusa Tenggara Timur,5,Bali-Nusa Tenggara,Sabu Raijua,70.99,87.91,109.63,129.64,146.06,159.19,169.13,174.66,184.98,190.52,171.35,163.95,153.8,156.94,167.76,172.31
5321,Malaka,Malaka,53,Nusa Tenggara Timur,5,Bali-Nusa Tenggara,Malaka,426.17,436.64,334.41,390.04,423.38,460.79,469.93,482.19,512.99,528.27,468.09,449.79,435.77,443.61,479.15,487.61
5371,Kota Kupang,Kupang City,53,Nusa Tenggara Timur,5,Bali-Nusa Tenggara,Kota Kupang,2061.7,2201.39,2319.57,2671.85,2684.05,2801.2,2926.8,3116.32,3294.66,3307.34,2976.4,2819.81,2613.5,2659.9,2837.81,2946.64
6101,Sambas,Sambas,61,Kalimantan Barat,6,Kalimantan,Sambas,974.58,1004.04,1018.8,1062.35,1150.14,1263.39,1177.85,1190.15,1224.64,1281.89,1282.54,1324.54,1268.74,1328.44,1387.94,1418.74
6102,Bengkayang,Bengkayang,61,Kalimantan Barat,6,Kalimantan,Bengkayang,558.23,584.42,623.36,662.6,724.54,789.18,744.15,767.14,791.23,822.52,773.86,782.53,750.93,809.4,853.86,889.32
6103,Landak,Landak,61,Kalimantan Barat,6,Kalimantan,Landak,673.68,709.32,749.61,809.24,847.69,901.16,819.29,922.64,943.38,1043.69,1027.85,1034.59,1019.77,1063.5,1134.54,1194.16
6104,Mempawah,Mempawah,61,Kalimantan Barat,6,Kalimantan,Mempawah,669.21,702.26,740.42,780.45,818.37,860.44,863.59,919.42,960.03,1010.95,984.11,972.34,919.59,984.83,1108.32,1120.22
6105,Sanggau,Sanggau,61,Kalimantan Barat,6,Kalimantan,Sanggau,820.76,888.55,959.86,1073.68,1194.71,1272.31,1274.88,1336.05,1337.14,1400.31,1412.36,1414.36,1420.23,1515.67,1643.2,1635.09
6106,Ketapang,Ketapang,61,Kalimantan Barat,6,Kalimantan,Ketapang,943.4,1010.52,1087.37,1168.32,1200.27,1317.03,1317.62,1385.21,1445.06,1515.52,1469.35,1440.6,1353.5,1458.75,1509.8,1547.78
6107,Sintang,Sintang,61,Kalimantan Barat,6,Kalimantan,Sintang,834.01,896.99,922.81,983.87,1029.61,1096.68,1034.51,1091.06,1130.22,1204.22,1183.01,1189.26,1147.39,1243.63,1347.14,1358.72
6108,Kapuas Hulu,Kapuas Hulu,61,Kalimantan Barat,6,Kalimantan,Kapuas Hulu,782.63,815.78,855.61,899.89,923.05,1024.35,939.63,971.62,1036.13,1119.99,1103.3,1104.43,994.73,1081.11,1151.67,1158.14
6109,Sekadau,Sekadau,61,Kalimantan Barat,6,Kalimantan,Sekadau,394.93,418.27,437.41,467.78,496.97,533.54,535.65,577.73,612.46,662.48,666.58,666.91,624.83,665.6,734.1,755.71
6110,Melawi,Melawi,61,Kalimantan Barat,6,Kalimantan,Melawi,465.25,509.56,522.74,553.43,605.26,643.37,639.28,670,696.72,742.02,747.95,755.84,752.48,813.17,853.27,863.61
6111,Kayong Utara,North Kayong,61,Kalimantan Barat,6,Kalimantan,Kayong Utara,313.51,321.81,340.4,341.29,369.93,398.34,402.16,426.02,448.93,474.73,468.58,477.65,482.21,518.54,533.53,532.57
6112,Kubu Raya,Kubu Raya,61,Kalimantan Barat,6,Kalimantan,Kubu Raya,743.53,854.08,914.91,982.03,1079.35,1179.46,1063.03,1141.59,1167.88,1256.08,1229.18,1230.03,1152.07,1219.07,1281.35,1384.23
6171,Kota Pontianak,Pontianak City,61,Kalimantan Barat,6,Kalimantan,Kota Pontianak,2183.25,2229.3,2403.6,2591.13,2778.27,2903.8,2549.73,2706.76,2721.08,2815.36,2738.31,2761.71,2517.73,2619.89,2691.29,2832.88
6172,Kota Singkawang,Singkawang City,61,Kalimantan Barat,6,Kalimantan,Kota Singkawang,555.08,607.75,631.67,692.69,753.77,810.07,811.69,850.69,889.64,934.15,937.61,940.9,903.21,952.8,1012.68,1048.94
6201,Kotawaringin Barat,West Kotawaringin,62,Kalimantan Tengah,6,Kalimantan,Kotawaringin Barat,609.2,641.52,703.11,740.19,790.43,824.83,832.36,856.2,855.7,877.72,905.83,963.99,973.62,997.61,1118.18,1102.92
6202,Kotawaringin Timur,East Kotawaringin,62,Kalimantan Tengah,6,Kalimantan,Kotawaringin Timur,788.52,847.59,880.57,931.87,960,1080.13,1006.87,1008.21,1050.18,1120.08,1074.77,1169.28,1185.82,1266.42,1424.03,1283.31
6203,Kapuas,Kapuas,62,Kalimantan Tengah,6,Kalimantan,Kapuas,692.86,753.03,805.33,840.22,876.23,927.99,942.84,953.14,1021.7,1055.89,1036.58,1100.36,1103.11,1098.94,1222.1,1207.74
6204,Barito Selatan,South Barito,62,Kalimantan Tengah,6,Kalimantan,Barito Selatan,381.78,399.33,435.67,464.45,497.45,575.8,563.33,566.51,597.2,617.84,622.89,612.88,615.97,653.24,699.01,697.76
6205,Barito Utara,North Barito,62,Kalimantan Tengah,6,Kalimantan,Barito Utara,408.68,442.07,478.7,505.01,552.02,621.56,604.39,608.87,649.07,675.19,664.81,663.22,683,710.1,770.03,795.53
6206,Sukamara,Sukamara,62,Kalimantan Tengah,6,Kalimantan,Sukamara,269.79,275.39,288.53,311.56,329.62,315.68,319.58,331.14,346.37,356.6,351.63,351.49,353.43,364.22,388.28,344.12
6207,Lamandau,Lamandau,62,Kalimantan Tengah,6,Kalimantan,Lamandau,283.36,293.18,306.92,319.8,336.95,358.76,362.8,366.75,383.81,398.81,418.29,417.71,421.8,424.04,453.16,446.42
6208,Seruyan,Seruyan,62,Kalimantan Tengah,6,Kalimantan,Seruyan,399.75,420.36,435.74,446.39,470.64,499.71,499.95,502.4,534.96,539.51,538.87,587.91,588.03,603.85,616.66,545.76
6209,Katingan,Katingan,62,Kalimantan Tengah,6,Kalimantan,Katingan,493.21,508.21,552.47,573.96,652.59,723.61,732.99,764.48,832.82,876.04,859.18,927.21,934.38,987.98,1074.14,1002.54
6210,Pulang Pisau,Pulang Pisau,62,Kalimantan Tengah,6,Kalimantan,Pulang Pisau,399,420.62,449.9,487.95,529.76,586.03,592.69,613.25,653.75,697.45,696.1,695.91,700.41,734.27,766.08,725.64
6211,Gunung Mas,Gunung Mas,62,Kalimantan Tengah,6,Kalimantan,Gunung Mas,332.39,352.28,369.19,397.52,424.82,484.5,490.04,508.88,549.22,562.95,574.35,631.38,632.16,658.09,724.99,702.4
6212,Barito Timur,East Barito,62,Kalimantan Tengah,6,Kalimantan,Barito Timur,410.16,420.89,443.62,461.97,495.88,543.95,549.5,569.25,602.73,642.36,650.33,716.26,717.39,763.94,807.02,813.21
6213,Murung Raya,Murung Raya,62,Kalimantan Tengah,6,Kalimantan,Murung Raya,400.7,420.83,454.77,474.25,501.97,641.67,650.97,670.54,704.04,733.26,731.9,757.14,761.24,805.86,834.2,835.88
6271,Kota Palangka Raya,Palangka Raya City,62,Kalimantan Tengah,6,Kalimantan,Kota Palangka Raya,2348.07,2585.79,2927.92,3131.51,3331.55,3629.55,3497.44,3613.52,3836.95,4036.42,4024.77,4251.37,4168.36,4424.93,4917.44,4894.65
6301,Tanah Laut,Tanah Laut,63,Kalimantan Selatan,6,Kalimantan,Tanah Laut,686.41,714.58,742.38,767.59,786.05,829.67,829.97,832.42,840.98,852.33,839.5,885.16,870.48,908.91,948.66,976.99
6302,Kota Baru,Kotabaru,63,Kalimantan Selatan,6,Kalimantan,Kota Baru,973.78,1013.1,1063.86,1118.14,1143.52,1198.34,1203.91,1213.18,1234.72,1265.99,1220.16,1290.88,1272.85,1331.2,1416.12,1459.91
6303,Banjar,Banjar,63,Kalimantan Selatan,6,Kalimantan,Banjar,1096.88,1141.17,1181.11,1223.63,1253.92,1328.24,1328.36,1328.95,1378.25,1426.42,1373.29,1357.99,1332.39,1383.74,1430.92,1452.41
6304,Barito Kuala,Barito Kuala,63,Kalimantan Selatan,6,Kalimantan,Barito Kuala,629.89,655.85,680.24,704.27,721.13,759.52,759.69,767.07,779.23,788.18,781.01,802.54,789.79,816.45,867.26,879.29
6305,Tapin,Tapin,63,Kalimantan Selatan,6,Kalimantan,Tapin,649.52,672.97,699.96,724.9,742.22,781.26,781.54,787.74,796.59,806.66,791.41,836.66,849.78,887,936.51,969.52
6306,Hulu Sungai Selatan,South Hulu Sungai,63,Kalimantan Selatan,6,Kalimantan,Hulu Sungai Selatan,651.65,672.51,695.71,715.88,736.41,755.82,771.9,778.31,804.7,830.24,816.04,832.69,811.95,871.54,888.31,903.9
6307,Hulu Sungai Tengah,Central Hulu Sungai,63,Kalimantan Selatan,6,Kalimantan,Hulu Sungai Tengah,646.1,666.77,686.39,710.21,727.16,768.22,770.1,775.15,796.77,818.91,797.2,830.11,815.36,837.52,853.49,873.03
6308,Hulu Sungai Utara,North Hulu Sungai,63,Kalimantan Selatan,6,Kalimantan,Hulu Sungai Utara,582.09,608.13,641.6,664.96,680.43,715.23,714.49,714.72,731.65,748.45,726.72,758.99,744.41,772.07,797.73,821.7
6309,Tabalong,Tabalong,63,Kalimantan Selatan,6,Kalimantan,Tabalong,778.43,810.23,832.11,850.41,870.56,921.69,921.98,923.75,956.65,988.5,952.55,1001.35,1003.64,1071.8,1072.94,1115.68
6310,Tanah Bumbu,Tanah Bumbu,63,Kalimantan Selatan,6,Kalimantan,Tanah Bumbu,710.39,737.89,767.18,793.19,810.56,854.49,864.75,864.95,890.9,922.77,889.03,929.09,944.43,1011.71,1035.97,1059.73
6311,Balangan,Balangan,63,Kalimantan Selatan,6,Kalimantan,Balangan,526.08,547.55,573.62,595.25,612.65,635.96,642.19,643.62,666.34,688.45,682.59,660.82,673.46,724.29,815.4,847.19
6371,Kota Banjarmasin,Banjarmasin City,63,Kalimantan Selatan,6,Kalimantan,Kota Banjarmasin,1631.52,1696.6,1758.18,1823.68,1868.75,1980.32,1980.93,2063.3,2106.47,2176.07,2142.49,2240.13,2247.33,2302.91,2492,2550.92
6372,Kota Banjar Baru,Banjar Baru City,63,Kalimantan Selatan,6,Kalimantan,Kota Banjar Baru,1095.12,1139.21,1179.43,1222.36,1251.21,1326.62,1327,1337.92,1384.18,1431.05,1389.18,1470.7,1454.48,1570.1,1617.43,1663.29
6401,Paser,Paser,64,Kalimantan Timur,6,Kalimantan,Paser,722.98,828.68,934.38,1040.06,1030.96,894.34,810.33,752.48,832.61,920.7,895.95,925.34,974.95,1235.6,1283.71,1224.17
6402,Kutai Barat,West Kutai,64,Kalimantan Timur,6,Kalimantan,Kutai Barat,835.19,879.41,962.91,1070.06,1172.28,1187.37,1207.85,1089.51,1160.12,1218.41,1192.72,1214.94,1268.48,1579.52,1627.15,1457.47
6403,Kutai Kartanegara,Kutai Kartanegara,64,Kalimantan Timur,6,Kalimantan,Kutai Kartanegara,2574.07,2522.24,2616.57,2936.31,3151.8,2951.47,2549.02,2236.17,2370.71,2513.98,2461.89,2507.03,2717.08,3841.94,4374.51,3791.41
6404,Kutai Timur,East Kutai,64,Kalimantan Timur,6,Kalimantan,Kutai Timur,1389.92,1415.03,1345.17,1436.52,1502.65,1509.76,1305.38,1098.03,1214.65,1279.08,1252.15,1240.06,1527.1,2127.58,2351.4,1509.29
6405,Berau,Berau,64,Kalimantan Timur,6,Kalimantan,Berau,819.55,818.3,829.1,869.94,903.4,920.79,833.37,732.68,774.48,852.73,811.63,787.01,865.79,1185.93,1522.48,1300.8
6409,Penajam Paser Utara,North Penajam Paser,64,Kalimantan Timur,6,Kalimantan,Penajam Paser Utara,630.35,636.09,623.3,688.38,710.64,674.5,632.35,527.25,594.14,647.09,613.43,599.17,719.05,981.14,1280.64,1462.92
6411,Mahakam Ulu,Mahakam Ulu,64,Kalimantan Timur,6,Kalimantan,Mahakam Ulu,103.15,108.62,118.93,132.16,139.09,151.42,157.44,165.27,173.71,184.98,184.66,188.3,205.16,295.34,321.74,334.39
6471,Kota Balikpapan,Balikpapan City,64,Kalimantan Timur,6,Kalimantan,Kota Balikpapan,1826.8,1922.62,1812.48,1967.96,1978.59,1980.89,1815.55,1554.41,1758.72,1934.69,1787.04,1851.82,1968.55,2584.53,2789.66,2742.95
6472,Kota Samarinda,Samarinda City,64,Kalimantan Timur,6,Kalimantan,Kota Samarinda,4472.1,5208.32,6027.54,6511.75,6372,5747.24,5047.79,4407.63,4797.76,5243.98,5208.17,5447.02,5745.38,8001.03,8996.68,8270.8
6474,Kota Bontang,Bontang City,64,Kalimantan Timur,6,Kalimantan,Kota Bontang,639.88,627.99,700.99,758.09,767.76,806.25,598.51,502.87,543.11,586.79,577.78,600.28,639.52,803.89,1020.22,955.57
6501,Malinau,Malinau,65,Kalimantan Utara,6,Kalimantan,Malinau,676.23,776.26,891.18,964.53,1028.74,1028.88,965.84,872.64,909.82,934.09,1031.59,1021.79,1001.93,1130.66,1215.29,1197.19
6502,Bulungan,Bulungan,65,Kalimantan Utara,6,Kalimantan,Bulungan,646.45,693.76,636.26,1015.12,1209.54,1224.47,1113.9,1057.94,1087.11,1138.81,1287.93,1276.7,1258.98,1528.88,1663.52,1614.88
6503,Tana Tidung,Tana Tidung,65,Kalimantan Utara,6,Kalimantan,Tana Tidung,396.45,339.62,450.14,456.63,485.21,397.29,397.44,363.61,378.73,384.75,438.18,434.11,426.02,478.41,544.62,492.25
6504,Nunukan,Nunukan,65,Kalimantan Utara,6,Kalimantan,Nunukan,647.04,684.21,728.37,778.82,850.5,741.68,682.85,615.9,642.07,669.57,751.99,739.86,731.3,811.24,887.12,857.4
6571,Kota Tarakan,Tarakan City,65,Kalimantan Utara,6,Kalimantan,Kota Tarakan,961.35,935.78,957.36,1114.88,1059.86,929.07,812.14,724.71,755.83,771.54,907.34,898.35,894.35,966.37,1041.56,997.4
7101,Bolaang Mongondow,Bolaang Mongondow,71,Sulawesi Utara,7,Sulawesi,Bolaang Mongondow,566.92,596.59,661.1,731.36,822.18,880.25,946.54,993.32,1050.68,1066.74,1005.08,992.39,983.86,1005.98,1053.99,1053.8
7102,Minahasa,Minahasa,71,Sulawesi Utara,7,Sulawesi,Minahasa,871.36,899.15,962.67,1023.72,1090.82,1148.65,1175.4,1301.39,1366.7,1389.38,1319.71,1361.82,1350.88,1375.97,1477.24,1487.44
7103,Kepulauan Sangihe,Sangihe Islands,71,Sulawesi Utara,7,Sulawesi,Kepulauan Sangihe,559.53,582.14,611.04,625.17,657.69,700.84,723.8,770.05,814.86,839.71,822.61,838.29,876.12,877.36,942.89,954.95
7104,Kepulauan Talaud,Talaud Islands,71,Sulawesi Utara,7,Sulawesi,Kepulauan Talaud,421.25,452.54,473.77,483.22,493.8,536.64,552.22,578.95,608.36,630.9,608.86,616.93,607.53,609.38,657.2,669.75
7105,Minahasa Selatan,South Minahasa,71,Sulawesi Utara,7,Sulawesi,Minahasa Selatan,520.2,551.85,595.04,641.66,694.81,740.7,765.58,825.62,876.09,905.02,877.51,907.75,942.46,944.2,1025.11,1047.33
7106,Minahasa Utara,North Minahasa,71,Sulawesi Utara,7,Sulawesi,Minahasa Utara,505.21,550.68,598.36,657.39,717.64,787.12,812.09,808.36,831.7,856.16,829.03,791.72,768.4,771.95,831.42,847.3
7107,Bolaang Mongondow Utara,North Bolaang Mongondow,71,Sulawesi Utara,7,Sulawesi,Bolaang Mongondow Utara,329.32,339.62,347.31,371.07,390.97,406.41,413.8,440.44,459.42,473.45,448.59,448.63,453.62,462.57,487.86,495.31
7108,Siau Tagulandang Biaro,Siau Tagulandang Biaro Islands,71,Sulawesi Utara,7,Sulawesi,Siau Tagulandang Biaro,345.59,383.49,417.7,447.56,487.1,535.87,548.91,592.9,636,692.36,713.61,735.34,779.85,782.48,845.49,857.45
7109,Minahasa Tenggara,Southeast Minahasa,71,Sulawesi Utara,7,Sulawesi,Minahasa Tenggara,330.93,355.01,383.13,408.83,419.94,447.82,461.54,499.95,535.1,554.5,537.8,534.44,546.05,554.1,587.03,601.71
7110,Bolaang Mongondow Selatan,South Bolaang Mongondow,71,Sulawesi Utara,7,Sulawesi,Bolaang Mongondow Selatan,217.45,231.98,244.64,253.31,269.49,282.01,288.65,308.39,331.23,346.8,351.14,344.67,354.06,359,380.39,380.42
7111,Bolaang Mongondow Timur,East Bolaang Mongondow,71,Sulawesi Utara,7,Sulawesi,Bolaang Mongondow Timur,271.59,292.32,323.74,356.67,392.83,423.08,436.64,464.19,495.28,505.39,507.01,513.72,513.38,521.3,552.13,558.01
7171,Kota Manado,Manado City,71,Sulawesi Utara,7,Sulawesi,Kota Manado,2002.82,2269.62,2597.86,2899.69,3206.39,3506.62,3575.96,3752.16,3941.21,4116.64,3968.79,3701.25,3587.24,3604.81,3838.97,3953.64
7172,Kota Bitung,Bitung City,71,Sulawesi Utara,7,Sulawesi,Kota Bitung,599.14,658.62,703.06,755.81,801.91,882.1,902.48,965.72,1006.07,1047.4,1032.11,1072.11,1142.11,1188.42,1241.3,1245.28
7173,Kota Tomohon,Tomohon City,71,Sulawesi Utara,7,Sulawesi,Kota Tomohon,407.56,448.23,486.48,507.97,529.19,580.92,601.89,640,657.5,672.87,655.38,654.34,655.14,655.45,692.64,694.36
7174,Kota Kotamobagu,Kotamobagu City,71,Sulawesi Utara,7,Sulawesi,Kota Kotamobagu,473.71,507.49,546.77,562.01,587.82,641.78,661.26,691.86,726.17,743.97,713.07,671.27,673.62,678.89,720.21,727.69
7201,Banggai Kepulauan,Banggai Islands,72,Sulawesi Tengah,7,Sulawesi,Banggai Kepulauan,241.63,247.05,266.09,278.23,293.64,311.15,329.95,348.93,349.34,355.91,345.14,365.14,368,371.24,407.95,395.88
7202,Banggai,Banggai,72,Sulawesi Tengah,7,Sulawesi,Banggai,1030.89,1056.23,1125,1211.19,1240.3,1330.25,1434.34,1467.01,1467.14,1518.66,1442.46,1503.06,1515.18,1525.02,1676.36,1612.63
7203,Morowali,Morowali,72,Sulawesi Tengah,7,Sulawesi,Morowali,343.23,349.5,369.15,390.67,396.35,421.47,420.82,439.34,429.51,447.09,440.48,451.65,451.97,460.15,477.6,509.19
7204,Poso,Poso,72,Sulawesi Tengah,7,Sulawesi,Poso,598.48,635.3,672.83,719.95,752.77,807.49,911.66,920.62,921.42,929.7,931.66,987.83,994.08,1026.78,1101.15,1017.44
7205,Donggala,Donggala,72,Sulawesi Tengah,7,Sulawesi,Donggala,441.96,733.17,915.59,838.93,857.15,906.41,894.95,906.91,884.95,906.51,879.99,893.5,877.47,893.42,966.83,986.8
7206,Toli-Toli,Tolitoli,72,Sulawesi Tengah,7,Sulawesi,Toli-Toli,545.18,595.35,646.39,692.16,703.5,759.09,757.24,766.09,766.41,785.65,772.47,802.81,788.16,810.32,882.42,841.99
7207,Buol,Buol,72,Sulawesi Tengah,7,Sulawesi,Buol,439.85,463.98,502.73,544.08,581.23,625.49,658.56,665.6,666.42,679.49,668.09,691.07,679.29,697.69,738.14,686.43
7208,Parigi Moutong,Parigi Moutong,72,Sulawesi Tengah,7,Sulawesi,Parigi Moutong,897.75,906.55,972.05,1054.1,1140.23,1232.28,1232.11,1261.06,1261.89,1278.64,1250.96,1314.5,1320.2,1372.7,1493.26,1402.87
7209,Tojo Una-Una,Tojo Una-Una,72,Sulawesi Tengah,7,Sulawesi,Tojo Una-Una,431.42,439.45,468.4,497.32,507.44,536.67,574.44,583.57,637.27,611.66,600.44,637.72,635.63,636.59,690.97,636.28
7210,Sigi,Sigi,72,Sulawesi Tengah,7,Sulawesi,Sigi,589.4,638.29,696.92,755.48,774.19,817.51,861.59,873.96,876.89,921.66,897.6,944.76,937.84,957.51,1051.99,1004.02
7211,Banggai Laut,Banggai Laut,72,Sulawesi Tengah,7,Sulawesi,Banggai Laut,124.56,125.98,135.99,144.7,152.6,162.06,165.3,167.03,168.22,171.35,165.67,224.49,225.84,232.69,235.86,196.81
7212,Morowali Utara,North Morowali,72,Sulawesi Tengah,7,Sulawesi,Morowali Utara,301.93,441.28,525.07,635.01,651,687.86,727.93,753.64,754.22,762.48,745,771.59,778.38,800.44,840.64,777.99
7271,Kota Palu,Palu City,72,Sulawesi Tengah,7,Sulawesi,Kota Palu,1883.24,1861.31,1973.92,2064.84,2106.17,2205.48,2230.72,2237.8,2172.99,2250.67,2112.1,2221.24,2236.24,2322.96,2521.94,2260.09
7301,Kepulauan Selayar,Selayar Islands,73,Sulawesi Selatan,7,Sulawesi,Kepulauan Selayar,422.55,446.72,486.2,507.69,530.46,578.17,558.08,582.73,625.5,679.91,632.62,680.92,657.88,659.48,655.42,678.68
7302,Bulukumba,Bulukumba,73,Sulawesi Selatan,7,Sulawesi,Bulukumba,678.62,712.32,752.56,783.64,814.28,854.44,862.98,891.52,956.54,1060.62,1018.8,1070.77,1014.47,1059.58,1099.05,1110.37
7303,Bantaeng,Bantaeng,73,Sulawesi Selatan,7,Sulawesi,Bantaeng,416.77,438.28,457.25,473.48,484.51,505.95,529.93,550.35,580.47,643.57,630.22,667.32,684.5,682.16,699.22,694.56
7304,Jeneponto,Jeneponto,73,Sulawesi Selatan,7,Sulawesi,Jeneponto,513.53,537.63,556.33,582.79,596.37,640.96,661.22,683.34,733.45,825.57,798.55,845.22,859.93,793.22,805.25,798.51
7305,Takalar,Takalar,73,Sulawesi Selatan,7,Sulawesi,Takalar,484.33,508.24,532.73,555.36,580.94,625.75,618.83,622.62,655.86,737.11,716.4,783.1,782.11,775.04,774.64,750.67
7306,Gowa,Gowa,73,Sulawesi Selatan,7,Sulawesi,Gowa,964.1,1010.95,1054.02,1083.85,1103.81,1182.28,1215.59,1254.82,1346.23,1512.81,1507.37,1564.68,1509.92,1510.44,1538.91,1614.3
7307,Sinjai,Sinjai,73,Sulawesi Selatan,7,Sulawesi,Sinjai,490.87,514.84,530.6,545.54,551.68,592.6,599.87,609.51,642.57,694.54,671.76,709.39,701.42,735.52,774.21,755.17
7308,Maros,Maros,73,Sulawesi Selatan,7,Sulawesi,Maros,636.79,688.62,720.77,756.99,778.81,822.88,867.75,887.12,952.73,1064.99,1072.47,1056.11,1087.3,1053.58,1052.87,1015.46
7309,Pangkajene dan Kepulauan,Pangkajene Islands,73,Sulawesi Selatan,7,Sulawesi,Pangkajene dan Kepulauan,640.64,671.04,702.41,728.37,748.09,771.47,767.77,774.89,803.84,846.78,823.81,820.91,877.92,957.34,968.63,984.18
7310,Barru,Barru,73,Sulawesi Selatan,7,Sulawesi,Barru,405.49,428.67,448.63,473.1,495.78,525.53,542.23,567.79,599.2,669.39,653.07,666.4,638.85,621.05,867.35,849.92
7311,Bone,Bone,73,Sulawesi Selatan,7,Sulawesi,Bone,1218.55,1271.37,1323.63,1409.39,1443.77,1529.6,1536.01,1563.63,1734.63,2078.6,2025.64,2190.17,2119.15,2212.2,2315.34,2284.64
7312,Soppeng,Soppeng,73,Sulawesi Selatan,7,Sulawesi,Soppeng,529.65,549.81,557.72,570.51,577.32,606.69,584.3,598.94,615.26,678.94,666.4,666.07,727.93,722.08,744.29,727.03
7313,Wajo,Wajo,73,Sulawesi Selatan,7,Sulawesi,Wajo,684.3,735.32,777.96,811.58,840.87,899.02,885.66,895.9,937.88,1026.03,997.61,1074.25,927.53,957.95,994.5,954.67
7314,Sidenreng Rappang,Sidenreng Rappang,73,Sulawesi Selatan,7,Sulawesi,Sidenreng Rappang,541.41,572.2,605.72,630.28,659.3,690.05,680.37,692.62,755.33,818.65,797.52,823.76,828.7,802.96,830.4,869.07
7315,Pinrang,Pinrang,73,Sulawesi Selatan,7,Sulawesi,Pinrang,603.38,630.1,659.46,676.89,686.1,747.51,736.27,763.69,834.83,907.27,907,966.33,963.43,1005.63,1053.98,1050.84
7316,Enrekang,Enrekang,73,Sulawesi Selatan,7,Sulawesi,Enrekang,539.68,557.28,583.56,604.06,607.96,650.64,660.32,666.05,715.21,750.78,730.27,731.88,735.56,777.24,761.9,713.2
7317,Luwu,Luwu,73,Sulawesi Selatan,7,Sulawesi,Luwu,656.5,684.1,716.71,749.71,777.74,825.86,855.26,863.24,871.73,929.32,918.31,974.35,954.19,1015.45,1042.74,1035.81
7318,Tana Toraja,Tana Toraja,73,Sulawesi Selatan,7,Sulawesi,Tana Toraja,543.98,560.19,578.14,597.32,608.58,638.19,617.23,633.49,673.58,720.37,693.4,690.82,689.85,709.14,725.14,719.61
7322,Luwu Utara,North Luwu,73,Sulawesi Selatan,7,Sulawesi,Luwu Utara,580.87,620.91,653.28,680.57,702.96,753.62,733.4,740.13,794.1,878.98,872.76,959.09,921.68,848.22,850.26,829.41
7325,Luwu Timur,East Luwu,73,Sulawesi Selatan,7,Sulawesi,Luwu Timur,462.2,480.67,500.87,514.87,524.88,574.86,584.21,590.53,598.87,638.9,619.41,618.81,655.29,720,763.43,738.03
7326,Toraja Utara,North Toraja,73,Sulawesi Selatan,7,Sulawesi,Toraja Utara,369.58,401.31,440.25,491.65,512.56,564.56,553.46,570.03,681.37,770.66,764.62,831.21,832.24,908.35,876.01,867.51
7371,Kota Makassar,Makassar City,73,Sulawesi Selatan,7,Sulawesi,Kota Makassar,7072.77,7400.73,7716,7938.99,8073.9,8610.15,8339.3,8359.1,8877.05,8864.18,8629.89,9249.71,9041.86,9379.49,9954.16,9808.27
7372,Kota Parepare,Parepare City,73,Sulawesi Selatan,7,Sulawesi,Kota Parepare,677.27,702.35,717.82,734.97,751.88,797.57,785.25,812.41,701.67,768,765.03,830.75,854.99,878.78,932.93,931.21
7373,Kota Palopo,Palopo City,73,Sulawesi Selatan,7,Sulawesi,Kota Palopo,444.25,473.14,486.64,505.01,522.58,560.31,551.16,572.51,658.51,685.45,666.49,727.04,759.58,760.49,744.86,742.09
7401,Buton,Buton,74,Sulawesi Tenggara,7,Sulawesi,Buton,538.36,641.65,655.6,700.57,325.89,337.22,344.35,361.97,383.08,413.3,390.92,402.51,396.47,416.55,592.06,501.77
7402,Muna,Muna,74,Sulawesi Tenggara,7,Sulawesi,Muna,736.9,883.78,897.51,948.89,757.79,784.62,799.65,835.9,871,906.64,842.91,886.87,885.92,942.8,1024.3,950.88
7403,Konawe,Konawe,74,Sulawesi Tenggara,7,Sulawesi,Konawe,860.35,1036.79,1055.96,886.69,920.8,964.55,986.48,1041.88,1048.5,1111.51,1012.03,982.24,992.83,1054.67,1208.84,1245.93
7404,Kolaka,Kolaka,74,Sulawesi Tenggara,7,Sulawesi,Kolaka,663.57,784.69,796.06,599.85,617.27,643.71,650.51,676.4,705.54,746.67,706.85,741.49,749.38,779.99,827.57,806.53
7405,Konawe Selatan,South Konawe,74,Sulawesi Tenggara,7,Sulawesi,Konawe Selatan,538.93,651.95,665.1,711.11,732.29,768.41,790.39,839.9,894.46,950.48,870.23,898.34,929.59,1030.44,1107.42,1122.77
7406,Bombana,Bombana,74,Sulawesi Tenggara,7,Sulawesi,Bombana,321.55,380.64,384.84,404.56,413.93,434.71,448.04,467.74,497.25,522.33,518.23,513.23,519.69,540.66,568.86,518.79
7407,Wakatobi,Wakatobi,74,Sulawesi Tenggara,7,Sulawesi,Wakatobi,389.96,463.93,475.27,502.38,515.04,545.9,567.94,584.18,641.1,683.47,674.73,697.98,697.08,751.52,804.77,804.38
7408,Kolaka Utara,North Kolaka,74,Sulawesi Tenggara,7,Sulawesi,Kolaka Utara,302.48,359.82,366.65,391.76,402.59,422.54,435.09,464.74,496.27,529.06,502.15,512.55,517.66,530.22,553.48,525.33
7409,Buton Utara,North Buton,74,Sulawesi Tenggara,7,Sulawesi,Buton Utara,257.28,305.32,310.61,332.01,338.88,352.67,362.63,379.86,398.33,422.93,416.36,425.23,441.84,462.28,477.36,485.45
7410,Konawe Utara,North Konawe,74,Sulawesi Tenggara,7,Sulawesi,Konawe Utara,224.62,285.98,291.98,309.12,318.49,332.1,336.33,346.56,368.13,385.21,366.87,380.31,379.88,401.2,413.61,399.44
7411,Kolaka Timur,East Kolaka,74,Sulawesi Tenggara,7,Sulawesi,Kolaka Timur,0,0,0,231.01,238.68,250.72,259.96,270.31,287.36,299.92,287.15,303.1,313.14,347.81,369.05,353.04
7412,Konawe Kepulauan,Konawe Islands,74,Sulawesi Tenggara,7,Sulawesi,Konawe Kepulauan,0,0,0,269,277.68,291.26,297.14,309.38,319.09,326.14,304.65,314.59,320.19,351.82,366.75,356.01
7413,Muna Barat,West Muna,74,Sulawesi Tenggara,7,Sulawesi,Muna Barat,0,0,0,0,252.48,261.36,270.01,285.53,300.2,315.96,293.79,305.99,318.88,348,369.41,359.32
7414,Buton Tengah,Central Buton,74,Sulawesi Tenggara,7,Sulawesi,Buton Tengah,0,0,0,0,182,189.17,192.88,205.73,218.47,226.23,211.59,216.5,222.87,245.64,254.8,254.54
7415,Buton Selatan,South Buton,74,Sulawesi Tenggara,7,Sulawesi,Buton Selatan,0,0,0,0,213.65,220.65,227.81,234.6,248.88,263.65,255.24,261.6,259.24,272.6,294.74,294.96
7471,Kota Kendari,Kendari City,74,Sulawesi Tenggara,7,Sulawesi,Kota Kendari,2347.63,2806.32,2838.85,2998.07,3066.26,3219.16,3305.5,3635.38,3789.36,4030.73,3994.53,4027.06,4278.29,4571.96,5082.07,5175.78
7472,Kota Baubau,Baubau City,74,Sulawesi Tenggara,7,Sulawesi,Kota Baubau,531.03,635.79,645.18,687.29,703.46,737.08,772.11,819.43,863.08,920.88,887.25,903.28,930.69,1023,1076.53,1076.86
7501,Boalemo,Boalemo,75,Gorontalo,7,Sulawesi,Boalemo,417.11,444,476.52,497.08,511.92,544.72,557.4,587.04,611.18,640.02,599.66,615.22,639.7,643.24,651.49,643.88
7502,Gorontalo,Gorontalo,75,Gorontalo,7,Sulawesi,Gorontalo,830.29,916.36,961.64,1010.78,1031.96,1086.07,1119.4,1182.02,1248.22,1323.69,1231.57,1237.45,1240.05,1242.4,1254.59,1247.52
7503,Pohuwato,Pohuwato,75,Gorontalo,7,Sulawesi,Pohuwato,434.65,466.1,481.83,524.46,547.97,581.91,598.63,626.42,652.39,683.8,636.57,657.29,661.24,664.69,667.46,662.2
7504,Bone Bolango,Bone Bolango,75,Gorontalo,7,Sulawesi,Bone Bolango,497.9,532.85,575.2,613.09,618.6,652.66,687.41,724.43,754.07,784.16,730.59,759.21,786.97,791.09,803.45,799.33
7505,Gorontalo Utara,North Gorontalo,75,Gorontalo,7,Sulawesi,Gorontalo Utara,314.17,351.9,358.58,375.08,379.69,403.46,414.74,433.47,451.45,471.55,442.3,445.28,446.71,448.66,454.66,463.55
7571,Kota Gorontalo,Gorontalo City,75,Gorontalo,7,Sulawesi,Kota Gorontalo,1148.64,1235.1,1315.23,1416.69,1474.16,1577.23,1555.69,1636.37,1709.38,1791.39,1682.23,1718.51,1725.72,1731.59,1743.02,1740.88
7601,Majene,Majene,76,Sulawesi Barat,7,Sulawesi,Majene,488.82,501,535.5,554.81,540.57,640.73,643.52,682.95,685.04,710.14,708.16,709.86,712.12,740.05,765.61,749.89
7602,Polewali Mandar,Polewali Mandar,76,Sulawesi Barat,7,Sulawesi,Polewali Mandar,626.51,701.57,763.74,792.17,852.99,921.78,928.76,1021.39,1114.18,1127.24,1071.21,1038.77,1083.2,1122.22,1174.27,1153.82
7603,Mamasa,Mamasa,76,Sulawesi Barat,7,Sulawesi,Mamasa,442.14,457.13,480.7,490.87,508.25,555.09,556.51,597.9,623.15,621.56,546.64,510.39,505.1,488.9,495.91,496.63
7604,Mamuju,Mamuju,76,Sulawesi Barat,7,Sulawesi,Mamuju,1121.7,1179.28,1228.34,1272.43,1428.5,1618.66,1765.97,1759.5,1890.37,1858.53,1744.05,1885.66,1956.2,1959.94,2098.26,2045.4
7605,Mamuju Utara,Pasangkayu,76,Sulawesi Barat,7,Sulawesi,Mamuju Utara,343.42,378.8,363.1,378.94,424.12,413.48,497.43,482.29,468.79,492.11,458.04,444.24,462.7,476.11,501.49,490.23
7606,Mamuju Tengah,Central Mamuju,76,Sulawesi Barat,7,Sulawesi,Mamuju Tengah,0,0,186.06,191.75,185.54,210.05,268.74,283.07,281.92,328.03,284.92,292.25,289.23,297.56,303.65,296.63
8101,Maluku Tenggara Barat,Tanimbar Islands,81,Maluku,8,Maluku,Maluku Tenggara Barat,565.78,624.78,679.63,741.2,777.72,833.01,856.47,878.55,880.1,879.94,653.86,671.7,637.44,640.91,656.1,587.5
8102,Maluku Tenggara,Southeast Maluku,81,Maluku,8,Maluku,Maluku Tenggara,513.51,564.78,615.63,666.7,701.32,740.07,782.47,808.1,813.91,795.85,676.31,694.99,669.99,673.57,692.27,623.85
8103,Maluku Tengah,Central Maluku,81,Maluku,8,Maluku,Maluku Tengah,1166.12,1276.81,1389.36,1501.23,1548.49,1667.35,1726.14,1731.72,1676.73,1838.73,1514.86,1533.77,1474.67,1480.02,1536.16,1385.37
8104,Buru,Buru,81,Maluku,8,Maluku,Buru,460.92,505.58,552.24,596.51,628.43,666.78,697.25,719.7,706.27,705.98,592.95,598.95,573.99,578.86,599.47,557.57
8105,Kepulauan Aru,Aru Islands,81,Maluku,8,Maluku,Kepulauan Aru,410.8,451.62,491.86,525.58,557.96,626.2,660.91,681.73,660.88,660.41,549.95,560.25,533.05,535.39,548.06,491.72
8106,Seram Bagian Barat,West Seram,81,Maluku,8,Maluku,Seram Bagian Barat,580.8,634.34,689.63,725.18,761.8,820.37,851.32,872.76,851.91,849.93,714.93,738.38,708.53,710.75,734,678.77
8107,Seram Bagian Timur,East Seram,81,Maluku,8,Maluku,Seram Bagian Timur,480.58,530.54,577.9,620.56,649.23,713.42,729.01,755.73,757.94,927.53,767.89,795.75,776.35,778.68,800.18,718.19
8108,Maluku Barat Daya,Southwest Maluku,81,Maluku,8,Maluku,Maluku Barat Daya,369.94,410.26,446.77,456.26,480.73,524.2,537.9,548.69,533.75,548.94,436.84,439.62,426.34,430.39,440.04,405.97
8109,Buru Selatan,South Buru,81,Maluku,8,Maluku,Buru Selatan,355.57,392.84,430.19,468.99,494.19,554.36,570.14,578.97,581.04,587.77,489.97,511.71,494.93,499.01,514.6,465.33
8171,Kota Ambon,Ambon City,81,Maluku,8,Maluku,Kota Ambon,1849.37,2035.22,2216.96,2364.58,2470.47,2719.32,2825.29,2863.9,2803.75,2909.85,2334.37,2403.69,2280.81,2289.14,2401.75,2241.45
8172,Kota Tual,Tual City,81,Maluku,8,Maluku,Kota Tual,373.49,411.32,444.16,472.69,495.67,522,552.04,567.18,557.2,567.55,477.7,497.95,479.42,480.68,496.69,452.99
8201,Halmahera Barat,West Halmahera,82,Maluku Utara,8,Maluku,Halmahera Barat,312.7,346.83,370.1,390.96,413.55,440.58,460.73,468.81,496,527.53,466.02,419.3,440.91,463.37,565.12,517.11
8202,Halmahera Tengah,Central Halmahera,82,Maluku Utara,8,Maluku,Halmahera Tengah,262.56,296.68,319.46,343.94,352.93,390.24,412.5,416.89,406.37,453.2,411.27,503.93,492.98,581.11,883.81,711.61
8203,Kepulauan Sula,Sula Islands,82,Maluku Utara,8,Maluku,Kepulauan Sula,237.73,261.37,274.44,290.1,313.03,335.64,341.51,350.74,377.42,402.88,382.59,372.25,474.9,460.97,528.71,470.54
8204,Halmahera Selatan,South Halmahera,82,Maluku Utara,8,Maluku,Halmahera Selatan,369.83,410.56,442.98,478.64,522.47,566.86,587.28,600.36,642.91,690.82,630.25,646.64,664.61,695.58,720.15,652.17
8205,Halmahera Utara,North Halmahera,82,Maluku Utara,8,Maluku,Halmahera Utara,440.34,496.93,544.77,589.25,631.8,679.28,693.27,707.29,688.33,719.05,658.73,732.05,771.31,745.8,782.36,837.88
8206,Halmahera Timur,East Halmahera,82,Maluku Utara,8,Maluku,Halmahera Timur,325.83,366.63,391.12,413.64,448.93,480.19,486.8,500.54,489.46,489.31,455.46,452.42,497.73,588.37,792.81,719.43
8207,Pulau Morotai,Morotai Island,82,Maluku Utara,8,Maluku,Pulau Morotai,113.93,122.5,145.23,159.97,178.26,190.56,201.18,205.73,209.53,227.77,213.74,216.22,224.57,201.33,251.92,249.1
8208,Pulau Taliabu,Taliabu Island,82,Maluku Utara,8,Maluku,Pulau Taliabu,76.47,85.02,89.98,93.83,96.41,102.95,107.34,113.75,132.63,143.85,125.85,135.24,134,142.07,151.85,132.45
8271,Kota Ternate,Ternate City,82,Maluku Utara,8,Maluku,Kota Ternate,1223.15,1400.23,1484.25,1605.49,1736.93,1821.36,1866.51,1945.79,2109.73,2316.37,2146.51,2133.5,2257.66,2512.5,2737.77,2610.91
8272,Kota Tidore Kepulauan,Tidore Islands City,82,Maluku Utara,8,Maluku,Kota Tidore Kepulauan,852.86,968.65,1067.29,1164.32,1269.62,1380.08,1391.95,1443.47,1461.22,1615.91,1489.7,1507.7,1545.68,1656.16,1838.32,1521.87
9101,Fakfak,Fakfak,91,Papua Barat,9,Papua,Fakfak,904.04,940.82,1009.84,1088.61,1115,1146.23,1174.15,1194.47,1205.17,1232.86,1244.83,1060.01,1092.27,1148.97,1090.53,1090.18
9102,Kaimana,Kaimana,91,Papua Barat,9,Papua,Kaimana,567.91,634.35,723.57,795.71,874.8,1002.44,1036.25,1039.01,1041.07,1046.5,942.4,757.1,773.61,804.94,807.14,875.33
9103,Teluk Bintuni,Teluk Bintuni,91,Papua Barat,9,Papua,Teluk Wondama,383.4,402.49,433.24,459.82,477.47,496.75,520.92,526.32,532.77,539.15,491.3,475.87,493.42,521,514.42,531.16
9104,Teluk Bintuni,Teluk Bintuni,91,Papua Barat,9,Papua,Teluk Bintuni,602.81,625.58,648.67,686.39,701.23,772.63,817.2,827.13,832.13,852.33,929.89,873.88,899.12,1112.69,1157.88,1150.65
9105,Manokwari,Manokwari,91,Papua Barat,9,Papua,Manokwari,1299.79,1428.17,1524.77,1563.78,1632.75,1692.43,1725.52,1733.42,1749.66,1825.77,1691.1,1687.67,1588.05,1885.09,1894.21,2000.19
9204,Manokwari Selatan,South Manokwari,92,Papua Barat Daya,9,Papua,Manokwari Selatan,0,0,126.79,135.6,138.56,148.19,155.82,165.67,173.69,190.88,190.6,190.36,190.31,224.18,235.75,242.45
9205,Pegunungan Arfak,Pegunungan Arfak,92,Papua Barat Daya,9,Papua,Pegunungan Arfak,0,0,43.92,49.44,55.53,59.11,60.51,62.28,65.02,71.41,76.49,76.44,90.53,91.57,92.97,93.37
9201,Raja Ampat,Raja Ampat,92,Papua Barat Daya,9,Papua,Raja Ampat,522.98,545.64,562.23,586.24,601.84,627.29,634.06,640.52,648.05,661.75,628.01,600.76,644.05,681.96,688.44,670.18
9112,Sorong,Sorong,91,Papua Barat,9,Papua,Sorong,876.92,930.47,971.35,1029.37,1085.36,1140.99,1175.99,1179.96,1189.94,1206.7,1126.57,991.29,1056.15,1149.68,1107.25,1182.2
9111,Sorong Selatan,South Sorong,91,Papua Barat,9,Papua,Sorong Selatan,404.97,432.09,475.15,510.17,523.9,550.22,583.05,592.15,600.84,611.11,556.61,566.8,624.88,639.13,619.46,634.61
9203,Maybrat,Maybrat,92,Papua Barat Daya,9,Papua,Maybrat,227.35,242.08,260.13,279.94,284.23,317.03,350.98,356.84,362.24,368.7,368.66,374.08,382.36,403.54,394.54,395.75
9202,Tambrauw,Tambrauw,92,Papua Barat Daya,9,Papua,Tambrauw,54.58,58.88,64.78,70.46,76.06,78.95,81.74,85.35,86.58,94.16,92.16,98.62,104.73,112.99,113.54,116.82
9271,Kota Sorong,Sorong City,92,Papua Barat Daya,9,Papua,Kota Sorong,937.01,996.92,1088.36,1194.72,1278.4,1338.94,1341.39,1344.98,1337.43,1459.27,1380.9,1290.01,1328.63,1491.1,1448.08,1398.97
9409,Jayapura,Jayapura,94,Papua,9,Papua,Jayapura,903.56,928.13,1019.7,1106.8,1421.37,1495.58,1600.41,1663.88,1690,1722.44,1795.64,1805.78,1867.46,1921.19,1958.1,1960.14
9420,Kepulauan Yapen,Yapen Islands,94,Papua,9,Papua,Kepulauan Yapen,402.78,415.32,441.43,474.99,391.17,412.33,423.95,437.56,440.31,442.22,431.07,428.86,442.77,458.73,469.22,470.92
9426,Biak Numfor,Biak Numfor,94,Papua,9,Papua,Biak Numfor,473.39,483.1,518.31,560.15,614.7,752.48,798.76,721.32,733.55,811.22,800.61,825.89,858.58,911.2,928.32,915.23
9603,Sarmi,Sarmi,96,Papua Tengah,9,Papua,Sarmi,411.14,424.07,454.18,493.95,538.49,591.01,606.55,637.78,666.04,691.35,679.61,665.98,671.68,701.97,719.48,722.6
9604,Keerom,Keerom,96,Papua Tengah,9,Papua,Keerom,366.07,379.43,406.88,441.6,482.56,508.36,551.98,578.97,599.29,637.83,637.12,645.97,651.25,662.91,679.05,681.33
9605,Waropen,Waropen,96,Papua Tengah,9,Papua,Waropen,260.58,273.13,296.56,321.37,353.2,386.5,422.76,459.89,483.83,510.81,504.16,517.43,532.05,528.22,543.49,555.49
9606,Supiori,Supiori,96,Papua Tengah,9,Papua,Supiori,154.37,160.01,171.35,184.97,202.07,212.02,220.2,225.5,230.62,230.87,230.94,227.17,228.4,238.45,242.78,244.66
9607,Mamberamo Raya,Mamberamo Raya,96,Papua Tengah,9,Papua,Mamberamo Raya,208.18,219.17,235.82,254.59,279.99,292.91,301.59,322.47,348.2,362.93,349.97,346.76,350.62,360.01,367.51,372.39
9708,Kota Jayapura,Jayapura City,97,Papua Pegunungan,9,Papua,Kota Jayapura,5812.22,6024.29,6474.68,7034.02,7176.2,7552.85,7979.31,8479.24,8510.84,8761.85,8790.01,9365.07,9448.99,9656.63,9799.68,9899.56
9403,Merauke,Merauke,94,Papua,9,Papua,Merauke,1352.44,1387.37,1483.99,1600.42,1749.47,1836.2,1904.64,2017.55,2044.27,2113.25,2075.73,2156,2170.43,2203.57,2373.88,2334.91
9501,Boven Digoel,Boven Digoel,95,Papua Selatan,9,Papua,Boven Digoel,460.36,476.67,513.54,560.09,400.99,429.75,458.29,491.21,515.66,533.01,533.03,532,532.27,548.6,591.95,588.8
9502,Mappi,Mappi,95,Papua Selatan,9,Papua,Mappi,446.58,462.11,499.02,541.07,594.48,625.26,649.71,676.49,690.09,718.63,690.96,710.61,717.45,755.09,810.51,807.47
9503,Asmat,Asmat,95,Papua Selatan,9,Papua,Asmat,481.54,497.12,534.43,577.7,633.58,682.53,736.96,770.44,815.31,858.71,835.51,835.81,841.36,857.3,920.23,893.93
9471,Mimika,Mimika,94,Papua,9,Papua,Mimika,1553.49,1609.79,1728.76,1855.04,3208.68,3381.93,3397.08,3067.58,3072.73,3095.16,2993.02,3075.78,3081.2,3170.34,3481.69,3448.4
9705,Dogiyai,Dogiyai,96,Papua Tengah,9,Papua,Dogiyai,148.31,155.89,169.21,184.71,214.14,245.32,277.9,310.89,332.71,367.82,378.3,374.06,386.28,389.92,421.9,425.69
9707,Deiyai,Deiyai,97,Papua Pegunungan,9,Papua,Deiyai,121.06,129.07,139.61,152.39,167.08,178.02,191.81,199.76,208.51,214.51,215.15,211.19,213.58,215.65,233.71,235.5
9419,Nabire,Nabire,94,Papua,9,Papua,Nabire,850.36,877.47,940.82,1023.29,1118.55,1166.64,1190.46,1197.21,1199.89,1152.08,1103.97,1147.17,1133.18,1161.79,1319.96,1388.93
9427,Paniai,Paniai,94,Papua,9,Papua,Paniai,397.74,408.73,436.49,471.27,513.97,540.25,550.31,613.07,627.02,631.29,625.06,624.81,641.47,654.05,703.41,708.47
9706,Intan Jaya,Intan Jaya,97,Papua Pegunungan,9,Papua,Intan Jaya,144.1,151.98,166.46,182.22,199.43,210.29,225.15,246.46,255.95,269.05,262.25,257.16,263.59,267.79,287.87,292.78
9704,Puncak,Puncak,97,Papua Pegunungan,9,Papua,Puncak,187.94,194.46,210.29,230.8,253.5,277.76,297.21,318.83,323.12,332.41,337.81,343.96,346.72,355.6,385.64,385.91
9428,Puncak Jaya,Puncak Jaya,94,Papua,9,Papua,Puncak Jaya,306.02,312.39,331.98,356.66,391.2,408.72,419.8,430.38,437.55,440.95,440.68,440.95,446.49,451.89,488.48,490.95
9608,Nduga,Nduga,96,Papua Tengah,9,Papua,Nduga,171.6,179.22,193.36,210.2,230.97,242.97,258.7,291.9,297.82,308.21,309.97,306.9,305.39,314.6,337.39,339.81
9408,Jayawijaya,Jayawijaya,94,Papua,9,Papua,Jayawijaya,678.72,700.09,751.24,814.52,895.68,938.85,982.36,1094.22,1114.08,1179.99,1114.68,1110.32,1123.83,1179.58,1279.77,1313.58
9701,Lanny Jaya,Lanny Jaya,97,Papua Pegunungan,9,Papua,Lanny Jaya,206.97,224.05,245.1,265.46,291.25,303.19,338.5,376.31,404.46,433.06,438.32,440.39,444.02,456.47,487.29,491.34
9602,Tolikara,Tolikara,96,Papua Tengah,9,Papua,Tolikara,301.45,312.06,328.57,357.33,392.92,414.86,453.05,479.04,480.85,482.02,492.26,503.23,516.03,518.16,561.21,564.2
9702,Mamberamo Tengah,Central Mamberamo,97,Papua Pegunungan,9,Papua,Mamberamo Tengah,177.19,183.76,197.34,214.14,233.89,246.33,272.4,285.69,290.17,316.79,320.18,327.65,336.34,347.08,369.41,371.02
9703,Yalimo,Yalimo,97,Papua Pegunungan,9,Papua,Yalimo,144.46,149.05,160.43,174.46,191.37,207.07,229.73,248.26,251.99,272.98,277.02,276.79,293.85,305.08,326.01,328.21
9504,Yahukimo,Yahukimo,95,Papua Selatan,9,Papua,Yahukimo,363.36,381.3,416.82,457.96,502.52,549.88,604.13,644.43,664.85,665.65,625.38,626.01,632.36,644.17,680.77,676.26
9601,Pegunungan Bintang,Pegunungan Bintang,96,Papua Tengah,9,Papua,Pegunungan Bintang,283.57,291.16,310.93,336.12,367,381.83,398.17,407.47,418.74,421.1,420.8,420.72,429.75,441.93,463.09,465.07